COMPANY NAME,NAME AND TRIM,LOCATION,ON-ROAD PRICE
Audi, A3 40 TFSI Premium, Bangalore, 3539399
Audi, A3 40 TFSI Premium, Chennai, 3395457
Audi, A3 40 TFSI Premium, Hyderabad, 3447090
Audi, A3 40 TFSI Premium, Kolkata, 3202956
Audi, A3 40 TFSI Premium, Mumbai, 3474073
Audi, A3 40 TFSI Premium, Delhi, 3158059
Audi, A3 35 TDI Technology + Sunroof, Bangalore, 4637622
Audi, A3 35 TDI Technology + Sunroof, Chennai, 4450354
Audi, A3 35 TDI Technology + Sunroof, Hyderabad, 4505923
Audi, A3 35 TDI Technology + Sunroof, Kolkata, 4179590
Audi, A3 35 TDI Technology + Sunroof, Mumbai, 4611137
Audi, A3 35 TDI Technology + Sunroof, Delhi, 4217232
Audi, Q3 30 TDI S, Bangalore, 3943994
Audi, Q3 30 TDI S, Chennai, 3822821
Audi, Q3 30 TDI S, Hyderabad, 3868189
Audi, Q3 30 TDI S, Kolkata, 3591605
Audi, Q3 30 TDI S, Mumbai, 3960881
Audi, Q3 30 TDI S, Delhi, 3620059
Audi, A4 30 TFSI Premium Plus, Bangalore, 4888280
Audi, A4 30 TFSI Premium Plus, Chennai, 4693960
Audi, A4 30 TFSI Premium Plus, Hyderabad, 4650648
Audi, A4 30 TFSI Premium Plus, Kolkata, 4451288
Audi, A4 30 TFSI Premium Plus, Mumbai, 4839638
Audi, A4 30 TFSI Premium Plus, Delhi, 4393224
Audi, Q5 30 TDI Premium Edition, Bangalore, 6223584
Audi, Q5 30 TDI Premium Edition, Chennai, 6011402
Audi, Q5 30 TDI Premium Edition, Hyderabad, 6092956
Audi, Q5 30 TDI Premium Edition, Kolkata, 5643983
Audi, Q5 30 TDI Premium Edition, Mumbai, 6226041
Audi, Q5 30 TDI Premium Edition, Delhi, 5700308
Audi, Q5 30 TDI Sports Edition, Bangalore, 7111096
Audi, Q5 30 TDI Sports Edition, Chennai, 6863481
Audi, Q5 30 TDI Sports Edition, Hyderabad, 6958279
Audi, Q5 30 TDI Sports Edition, Kolkata, 6442441
Audi, Q5 30 TDI Sports Edition, Mumbai, 7109883
Audi, Q5 30 TDI Sports Edition, Delhi, 6512000
Audi, A6 35 TDI Matrix, Bangalore, 6653307
Audi, A6 35 TDI Matrix, Chennai, 6423969
Audi, A6 35 TDI Matrix, Hyderabad, 6511621
Audi, A6 35 TDI Matrix, Kolkata, 6253127
Audi, A6 35 TDI Matrix, Mumbai, 6650285
Audi, A6 35 TDI Matrix, Delhi, 6089920
Audi, TT 45 TFSI, Bangalore, 8132702
Audi, TT 45 TFSI, Chennai, 7809301
Audi, TT 45 TFSI, Hyderabad, 7955043
Audi, TT 45 TFSI, Kolkata, 7370076
Audi, TT 45 TFSI, Mumbai, 8296132
Audi, TT 45 TFSI, Delhi, 7369663
Audi, Q7 45 TDI Premium Plus, Bangalore, 9327695
Audi, Q7 45 TDI Premium Plus, Chennai, 8956585
Audi, Q7 45 TDI Premium Plus, Hyderabad, 8947948
Audi, Q7 45 TDI Premium Plus, Kolkata, 8438004
Audi, Q7 45 TDI Premium Plus, Mumbai, 9314436
Audi, Q7 45 TDI Premium Plus, Delhi, 8575563
Audi, R8 5.2 V10 Plus, Bangalore, 32515331
Audi, R8 5.2 V10 Plus, Chennai, 31219485
Audi, R8 5.2 V10 Plus, Hyderabad, 31720378
Audi, R8 5.2 V10 Plus, Kolkata, 27941741
Audi, R8 5.2 V10 Plus, Mumbai, 33276680
Audi, R8 5.2 V10 Plus, Delhi, 29360070
BMW, X1 sDrive20d Expedition, Bangalore, 3836136
BMW, X1 sDrive20d Expedition, Chennai, 3851093
BMW, X1 sDrive20d Expedition, Hyderabad, 3565020
BMW, X1 sDrive20d Expedition, Kolkata, 3526776
BMW, X1 sDrive20d Expedition, Mumbai, 3814691
BMW, X1 sDrive20d Expedition, Delhi, 3536277
BMW, X1 xDrive20d M Sport, Bangalore, 5256024
BMW, X1 xDrive20d M Sport, Chennai, 5081654
BMW, X1 xDrive20d M Sport, Hyderabad, 4894091
BMW, X1 xDrive20d M Sport, Kolkata, 4661084
BMW, X1 xDrive20d M Sport, Mumbai, 5201859
BMW, X1 xDrive20d M Sport, Delhi, 4824917
BMW, 1 Series 118d Sport Line, Bangalore, 4020184
BMW, 1 Series 118d Sport Line, Hyderabad, 3708559
BMW, 1 Series 118d Sport Line, Kolkata, 3527735
BMW, 1 Series 118d Sport Line, Mumbai, 3952282
BMW, 1 Series 118d Sport Line, Delhi, 3716059
BMW, 3 Series 320d Prestige, Bangalore, 4772325
BMW, 3 Series 320d Prestige, Chennai, 4578721
BMW, 3 Series 320d Prestige, Hyderabad, 4408723
BMW, 3 Series 320d Prestige, Kolkata, 4198117
BMW, 3 Series 320d Prestige, Mumbai, 4690270
BMW, 3 Series 320d Prestige, Delhi, 4357373
BMW, 3 Series 320d M Sport, Bangalore, 5924639
BMW, 3 Series 320d M Sport, Chennai, 5685419
BMW, 3 Series 320d M Sport, Hyderabad, 5476771
BMW, 3 Series 320d M Sport, Kolkata, 5219407
BMW, 3 Series 320d M Sport, Mumbai, 5816014
BMW, 3 Series 320d M Sport, Delhi, 5411921
BMW, X3 xDrive 20d Expedition, Bangalore, 6089731
BMW, X3 xDrive 20d Expedition, Chennai, 5887724
BMW, X3 xDrive 20d Expedition, Hyderabad, 5666646
BMW, X3 xDrive 20d Expedition, Kolkata, 5400968
BMW, X3 xDrive 20d Expedition, Mumbai, 6016147
BMW, X3 xDrive 20d Expedition, Delhi, 5586558
BMW, X3 xDrive 30d M Sport, Bangalore, 7818250
BMW, X3 xDrive 30d M Sport, Chennai, 7549350
BMW, X3 xDrive 30d M Sport, Hyderabad, 7209381
BMW, X3 xDrive 30d M Sport, Kolkata, 6932900
BMW, X3 xDrive 30d M Sport, Mumbai, 7642220
BMW, X3 xDrive 30d M Sport, Delhi, 7223068
BMW, 5 Series 520d Prestige Plus, Bangalore, 6524538
BMW, 5 Series 520d Prestige Plus, Chennai, 6256975
BMW, 5 Series 520d Prestige Plus, Hyderabad, 6022661
BMW, 5 Series 520d Prestige Plus, Kolkata, 5741398
BMW, 5 Series 520d Prestige Plus, Mumbai, 6391394
BMW, 5 Series 520d Prestige Plus, Delhi, 5935481
BMW, 5 Series 520d M Sport, Bangalore, 6973042
BMW, 5 Series 520d M Sport, Chennai, 6687766
BMW, 5 Series 520d M Sport, Hyderabad, 6438013
BMW, 5 Series 520d M Sport, Kolkata, 6137579
BMW, 5 Series 520d M Sport, Mumbai, 6666956
BMW, 5 Series 520d M Sport, Delhi, 6361013
BMW, X5 xDrive 30d Expedition, Bangalore, 8729333
BMW, X5 xDrive 30d Expedition, Chennai, 8415779
BMW, X5 xDrive 30d Expedition, Hyderabad, 8087553
BMW, X5 xDrive 30d Expedition, Kolkata, 7715885
BMW, X5 xDrive 30d Expedition, Mumbai, 8568016
BMW, X5 xDrive 30d Expedition, Delhi, 8033812
BMW, X5 xDrive 30d M Sport, Bangalore, 10076035
BMW, X5 xDrive 30d M Sport, Chennai, 9721580
BMW, X5 xDrive 30d M Sport, Hyderabad, 9345475
BMW, X5 xDrive 30d M Sport, Kolkata, 8918737
BMW, X5 xDrive 30d M Sport, Kolkata, 8918737
BMW, X5 xDrive 30d M Sport, Kolkata, 8918737
BMW, X6 xDrive40d M Sport, Bangalore, 15441254
BMW, X6 xDrive40d M Sport, Chennai, 14872941
BMW, X6 xDrive40d M Sport, Hyderabad, 14354696
BMW, X6 xDrive40d M Sport, Kolkata, 13683391
BMW, X6 xDrive40d M Sport, Mumbai, 15753730
BMW, X6 xDrive40d M Sport, Delhi, 14067807
Chevrolet, Spark 1.0 BS-IV OBDII, Bangalore, 446503
Chevrolet, Spark 1.0 BS-IV OBDII, Chennai, 427844
Chevrolet, Spark 1.0 BS-IV OBDII, Hyderabad, 441345
Chevrolet, Spark 1.0 BS-IV OBDII, Kolkata, 418035
Chevrolet, Spark 1.0 BS-IV OBDII, Mumbai, 436177
Chevrolet, Spark 1.0 BS-IV OBDII, Delhi, 401878
Chevrolet, Beat PS Petrol, Bangalore, 529298
Chevrolet, Beat PS Petrol, Chennai, 462831
Chevrolet, Beat PS Petrol, Hyderabad, 478772
Chevrolet, Beat PS Petrol, Kolkata, 454363
Chevrolet, Beat PS Petrol, Mumbai, 490208
Chevrolet, Beat PS Petrol, Delhi, 441155
Chevrolet, Beat LT Petrol, Bangalore, 632494
Chevrolet, Beat LT Petrol, Chennai, 566876
Chevrolet, Beat LT Petrol, Hyderabad, 584649
Chevrolet, Beat LT Petrol, Kolkata, 551595
Chevrolet, Beat LT Petrol, Mumbai, 597468
Chevrolet, Beat LT Petrol, Delhi, 539983
Chevrolet, Beat LT Diesel, Bangalore, 748378
Chevrolet, Beat LT Diesel, Chennai, 655054
Chevrolet, Beat LT Diesel, Hyderabad, 674374
Chevrolet, Tavera Neo 3-9 STR BS III, Bangalore, 966125
Chevrolet, Tavera Neo 3-9 STR BS III, Chennai, 935595
Chevrolet, Tavera Neo 3-9 STR BS III, Hyderabad, 961961
Chevrolet, Tavera Neo 3-9 STR BS III, Hyderabad, 961961
Chevrolet, Tavera Neo 3-9 STR BS III, Hyderabad, 961961
Chevrolet, Tavera Neo 3-9 STR BS III, Hyderabad, 961961
Chevrolet, Tavera Neo 3 LT- 9 STR BS-III, Bangalore, 1402620
Chevrolet, Tavera Neo 3 LT- 9 STR BS-III, Chennai, 1367246
Chevrolet, Tavera Neo 3 LT- 9 STR BS-III, Hyderabad, 1364956
Chevrolet, Tavera Neo 3 LT- 9 STR BS-III, Hyderabad, 1364956
Chevrolet, Tavera Neo 3 LT- 9 STR BS-III, Hyderabad, 1364956
Chevrolet, Tavera Neo 3 LT- 9 STR BS-III, Hyderabad, 1364956
Chevrolet, Cruze LT, Bangalore, 1740656
Chevrolet, Cruze LT, Chennai, 1685830
Chevrolet, Cruze LTZ, Bangalore, 2081711
Chevrolet, Cruze LTZ, Chennai, 2020180
Chevrolet, Cruze LTZ, Hyderabad, 2018472
Chevrolet, Cruze LTZ, Kolkata, 1866319
Chevrolet, Cruze LTZ, Mumbai, 2059164
Chevrolet, Cruze LTZ, Delhi, 1947056
Chevrolet, Trailblazer LTZ AT, Bangalore, 3055217
Chevrolet, Trailblazer LTZ AT, Chennai, 2938404
Chevrolet, Trailblazer LTZ AT, Hyderabad, 2914028
Chevrolet, Trailblazer LTZ AT, Kolkata, 2717310
Chevrolet, Trailblazer LTZ AT, Mumbai, 3154100
Chevrolet, Trailblazer LTZ AT, Delhi, 2831537
Datsun, Redi-GO D, Bangalore, 295083
Datsun, Redi-GO D, Chennai, 281001
Datsun, Redi-GO D, Hyderabad, 291343
Datsun, Redi-GO D, Kolkata, 281128
Datsun, Redi-GO D, Mumbai, 311312
Datsun, Redi-GO D, Delhi, 277919
Datsun, Redi-GO A, Bangalore, 347555
Datsun, Redi-GO A, Chennai, 330252
Datsun, Redi-GO A, Hyderabad, 342817
Datsun, Redi-GO A, Kolkata, 327619
Datsun, Redi-GO A, Mumbai, 363156
Datsun, Redi-GO A, Delhi, 325152
Datsun, Redi-GO S, Bangalore, 409619
Datsun, Redi-GO S, Chennai, 388511
Datsun, Redi-GO S, Hyderabad, 403336
Datsun, Redi-GO S, Kolkata, 384509
Datsun, Redi-GO S, Mumbai, 424583
Datsun, Redi-GO S, Delhi, 381022
Datsun, Redi-GO Sport, Bangalore, 425158
Datsun, Redi-GO Sport, Chennai, 405488
Datsun, Redi-GO Sport, Hyderabad, 421435
Datsun, Redi-GO Sport, Kolkata, 424196
Datsun, Redi-GO Sport, Mumbai, 442597
Datsun, Redi-GO Sport, Delhi, 383375
Datsun, GO D, Bangalore, 406568
Datsun, GO D, Chennai, 385596
Datsun, GO D, Hyderabad, 396469
Datsun, GO D, Kolkata, 389893
Datsun, GO D, Mumbai, 423858
Datsun, GO D, Delhi, 377417
Datsun, GO A, Bangalore, 438325
Datsun, GO A, Chennai, 415395
Datsun, GO A, Hyderabad, 427562
Datsun, GO A, Kolkata, 418065
Datsun, GO A, Mumbai, 455260
Datsun, GO A, Delhi, 406005
Datsun, GO T, Bangalore, 489110
Datsun, GO T, Chennai, 463051
Datsun, GO T, Hyderabad, 477307
Datsun, GO T, Kolkata, 463038
Datsun, GO T, Mumbai, 505482
Datsun, GO T, Delhi, 451725
Datsun, GO Plus D, Bangalore, 474912
Datsun, GO Plus D, Chennai, 448618
Datsun, GO Plus D, Hyderabad, 463396
Datsun, GO Plus D, Kolkata, 450456
Datsun, GO Plus D, Mumbai, 491871
Datsun, GO Plus D, Delhi, 438943
Datsun, GO Plus T, Bangalore, 579890
Datsun, GO Plus T, Chennai, 547604
Datsun, GO Plus T, Hyderabad, 566218
Datsun, GO Plus T, Kolkata, 545354
Datsun, GO Plus T, Mumbai, 595580
Datsun, GO Plus T, Delhi, 533449
Fiat, Punto Pure 1.2 Petrol, Bangalore, 565668
Fiat, Punto Pure 1.2 Petrol, Chennai, 547223
Fiat, Punto Pure 1.2 Petrol, Hyderabad, 557780
Fiat, Punto Pure 1.2 Petrol, Kolkata, 541931
Fiat, Punto Pure 1.2 Petrol, Mumbai, 532985
Fiat, Punto Pure 1.2 Petrol, Delhi, 512050
Fiat, Punto Pure 1.3 Diesel, Bangalore, 705067
Fiat, Punto Pure 1.3 Diesel, Chennai, 675178
Fiat, Punto Pure 1.3 Diesel, Hyderabad, 686591
Fiat, Punto Pure 1.3 Diesel, Kolkata, 666129
Fiat, Punto Pure 1.3 Diesel, Mumbai, 663527
Fiat, Punto Pure 1.3 Diesel, Delhi, 637089
Fiat, Punto Evo Dynamic 1.2, Bangalore, 718007
Fiat, Punto Evo Dynamic 1.2, Chennai, 699090
Fiat, Punto Evo Dynamic 1.2, Hyderabad, 696032
Fiat, Punto Evo Dynamic 1.2, Kolkata, 689958
Fiat, Punto Evo Dynamic 1.2, Delhi, 643202
Fiat, Punto Evo Active Multijet 1.3 90 hp, Bangalore, 833720
Fiat, Punto Evo Active Multijet 1.3 90 hp, Chennai, 809404
Fiat, Punto Evo Active Multijet 1.3 90 hp, Chennai, 809404
Fiat, Punto Evo Active Multijet 1.3 90 hp, Kolkata, 796847
Fiat, Punto Evo Active Multijet 1.3 90 hp, Delhi, 777668
Fiat, Punto Evo Dynamic Multijet 1.3 90 hp, Bangalore, 914175
Fiat, Punto Evo Dynamic Multijet 1.3 90 hp, Chennai, 886045
Fiat, Punto Evo Dynamic Multijet 1.3 90 hp, Hyderabad, 886278
Fiat, Punto Evo Dynamic Multijet 1.3 90 hp, Kolkata, 871180
Fiat, Punto Evo Dynamic Multijet 1.3 90 hp, Delhi, 851611
Fiat, Punto Evo Emotion Multijet 1.3 90 hp, Bangalore, 968514
Fiat, Punto Evo Emotion Multijet 1.3 90 hp, Chennai, 937891
Fiat, Punto Evo Emotion Multijet 1.3 90 hp, Hyderabad, 939039
Fiat, Punto Evo Emotion Multijet 1.3 90 hp, Kolkata, 921427
Fiat, Punto Evo Emotion Multijet 1.3 90 hp, Delhi, 901729
Fiat, Avventura Urban Cross Active Multijet 1.3, Bangalore, 840249
Fiat, Avventura Urban Cross Active Multijet 1.3, Chennai, 810132
Fiat, Avventura Urban Cross Active Multijet 1.3, Hyderabad, 814728
Fiat, Avventura Urban Cross Active Multijet 1.3, Kolkata, 793112
Fiat, Avventura Urban Cross Active Multijet 1.3, Mumbai, 826260
Fiat, Avventura Urban Cross Active Multijet 1.3, Delhi, 782003
Fiat, Avventura Emotion Multijet 1.3, Bangalore, 1136531
Fiat, Avventura Emotion Multijet 1.3, Chennai, 1090703
Fiat, Avventura Emotion Multijet 1.3, Hyderabad, 1038122
Fiat, Avventura Emotion Multijet 1.3, Kolkata, 1078626
Fiat, Avventura Emotion Multijet 1.3, Mumbai, 1034264
Fiat, Avventura Emotion Multijet 1.3, Delhi, 1053855
Fiat, Avventura T-Jet 1.4, Bangalore, 1313259
Fiat, Avventura T-Jet 1.4, Chennai, 1279530
Fiat, Avventura T-Jet 1.4, Hyderabad, 1164956
Fiat, Avventura T-Jet 1.4, Kolkata, 1164861
Fiat, Avventura T-Jet 1.4, Delhi, 1197867
Fiat, Linea Active 1.4, Bangalore, 958722
Fiat, Linea Active 1.4, Chennai, 919741
Fiat, Linea Active 1.4, Hyderabad, 929865
Fiat, Linea Active 1.4, Kolkata, 919258
Fiat, Linea Active 1.4, Delhi, 876726
Fiat, Linea Dynamic Multijet 1.3, Bangalore, 1200845
Fiat, Linea Dynamic Multijet 1.3, Chennai, 1149120
Fiat, Linea Dynamic Multijet 1.3, Hyderabad, 1164956
Fiat, Linea Dynamic Multijet 1.3, Kolkata, 1156254
Fiat, Linea Dynamic Multijet 1.3, Delhi, 1128475
Fiat, Linea Emotion Multijet 1.3, Bangalore, 1355529
Fiat, Linea Emotion Multijet 1.3, Chennai, 1323127
Fiat, Linea Emotion Multijet 1.3, Hyderabad, 1298121
Fiat, Linea Emotion Multijet 1.3, Kolkata, 1203101
Fiat, Linea Emotion Multijet 1.3, Delhi, 1269683
Fiat, Abarth Punto T-Jet 1.4 Abarth, Bangalore, 1306607
Fiat, Abarth Punto T-Jet 1.4 Abarth, Chennai, 1148620
Fiat, Abarth Punto T-Jet 1.4 Abarth, Hyderabad, 1256083
Fiat, Abarth Punto T-Jet 1.4 Abarth, Kolkata, 1177882
Fiat, Abarth Punto T-Jet 1.4 Abarth, Mumbai, 1200197
Fiat, Abarth Punto T-Jet 1.4 Abarth, Delhi, 1190942
Force Motors, Gurkha Soft Top 4X2, Bangalore, 773340
Force Motors, Gurkha Soft Top 4X2, Chennai, 737769
Force Motors, Gurkha Soft Top 4X2, Hyderabad, 750611
Force Motors, Gurkha Soft Top 4X2, Kolkata, 724152
Force Motors, Gurkha Soft Top 4X2, Mumbai, 718712
Force Motors, Gurkha Soft Top 4X4, Bangalore, 1031135
Force Motors, Gurkha Soft Top 4X4, Chennai, 983724
Force Motors, Gurkha Soft Top 4X4, Hyderabad, 1000840
Force Motors, Gurkha Soft Top 4X4, Kolkata, 953055
Force Motors, Gurkha Soft Top 4X4, Mumbai, 958323
Force Motors, Gurkha Soft Top 4X4, Delhi, 962039
Force Motors, Gurkha Hard Top 4X4, Bangalore, 1049335
Force Motors, Gurkha Hard Top 4X4, Chennai, 1001077
Force Motors, Gurkha Hard Top 4X4, Hyderabad, 1018499
Force Motors, Gurkha Hard Top 4X4, Kolkata, 969859
Force Motors, Gurkha Hard Top 4X4, Mumbai, 975224
Force Motors, Gurkha Hard Top 4X4, Delhi, 978937
Force Motors, Force One EX 7 STR, Bangalore, 1154448
Force Motors, Force One EX 7 STR, Chennai, 1101306
Force Motors, Force One EX 7 STR, Chennai, 1101306
Force Motors, Force One EX 7 STR, Mumbai, 1063966
Force Motors, Force One EX 7 STR, Delhi, 1093353
Force Motors, Force One SX ABS 6 STR, Bangalore, 1588279
Force Motors, Force One SX ABS 6 STR, Chennai, 1538868
Force Motors, Force One SX ABS 6 STR, Hyderabad, 1526100
Force Motors, Force One SX ABS 6 STR, Kolkata, 1432019
Force Motors, Force One SX ABS 6 STR, Mumbai, 1438575
Force Motors, Force One SX ABS 6 STR, Delhi, 1512062
Force Motors, Force One LX ABS 7 STR, Bangalore, 1782827
Force Motors, Force One LX ABS 7 STR, Chennai, 1727321
Force Motors, Force One LX ABS 7 STR, Hyderabad, 1712979
Force Motors, Force One LX ABS 7 STR, Kolkata, 1606136
Force Motors, Force One LX ABS 7 STR, Mumbai, 1717741
Force Motors, Force One LX ABS 7 STR, Mumbai, 1717741
Ford, Figo Base 1.2 Ti-VCT, Bangalore, 549472
Ford, Figo Base 1.2 Ti-VCT, Chennai, 530270
Ford, Figo Base 1.2 Ti-VCT, Hyderabad, 539452
Ford, Figo Base 1.2 Ti-VCT, Kolkata, 521416
Ford, Figo Base 1.2 Ti-VCT, Mumbai, 549194
Ford, Figo Base 1.2 Ti-VCT, Delhi, 498308
Ford, Figo Trend 1.2 Ti-VCT, Bangalore, 643518
Ford, Figo Trend 1.2 Ti-VCT, Chennai, 613948
Ford, Figo Trend 1.2 Ti-VCT, Hyderabad, 624622
Ford, Figo Trend 1.2 Ti-VCT, Kolkata, 599924
Ford, Figo Trend 1.2 Ti-VCT, Mumbai, 632867
Ford, Figo Trend 1.2 Ti-VCT, Delhi, 575119
Ford, Figo Base 1.5 TDCi, Bangalore, 686889
Ford, Figo Base 1.5 TDCi, Chennai, 656339
Ford, Figo Base 1.5 TDCi, Hyderabad, 667742
Ford, Figo Base 1.5 TDCi, Kolkata, 646989
Ford, Figo Base 1.5 TDCi, Mumbai, 691728
Ford, Figo Base 1.5 TDCi, Delhi, 622760
Ford, Figo Titanium Plus 1.2 Ti-VCT, Bangalore, 766882
Ford, Figo Titanium Plus 1.2 Ti-VCT, Chennai, 732580
Ford, Figo Titanium Plus 1.2 Ti-VCT, Hyderabad, 745326
Ford, Figo Titanium Plus 1.2 Ti-VCT, Kolkata, 717686
Ford, Figo Titanium Plus 1.2 Ti-VCT, Mumbai, 758369
Ford, Figo Titanium Plus 1.2 Ti-VCT, Delhi, 700659
Ford, Figo Titanium1.5 TDCi, Bangalore, 797213
Ford, Figo Titanium1.5 TDCi, Chennai, 761540
Ford, Figo Titanium1.5 TDCi, Hyderabad, 774997
Ford, Figo Titanium1.5 TDCi, Kolkata, 745849
Ford, Figo Titanium1.5 TDCi, Mumbai, 802463
Ford, Figo Titanium1.5 TDCi, Delhi, 746088
Ford, Figo Titanium 1.5 Ti-VCT AT, Bangalore, 886175
Ford, Figo Titanium 1.5 Ti-VCT AT, Chennai, 846336
Ford, Figo Titanium 1.5 Ti-VCT AT, Hyderabad, 861086
Ford, Figo Titanium 1.5 Ti-VCT AT, Kolkata, 828421
Ford, Figo Titanium 1.5 Ti-VCT AT, Mumbai, 875984
Ford, Figo Titanium 1.5 Ti-VCT AT, Delhi, 808492
Ford, Aspire Ambiente 1.2 Ti-VCT, Bangalore, 645056
Ford, Aspire Ambiente 1.2 Ti-VCT, Chennai, 616177
Ford, Aspire Ambiente 1.2 Ti-VCT, Hyderabad, 627268
Ford, Aspire Ambiente 1.2 Ti-VCT, Kolkata, 604777
Ford, Aspire Ambiente 1.2 Ti-VCT, Mumbai, 638316
Ford, Aspire Ambiente 1.2 Ti-VCT, Delhi, 579907
Ford, Aspire Trend 1.2 Ti-VCT, Hyderabad, 686457
Ford, Aspire Trend 1.2 Ti-VCT, Kolkata, 659869
Ford, Aspire Trend 1.2 Ti-VCT, Mumbai, 695690
Ford, Aspire Trend 1.2 Ti-VCT, Mumbai, 695690
Ford, Aspire Titanium 1.2 Ti-VCT, Bangalore, 731174
Ford, Aspire Titanium 1.2 Ti-VCT, Chennai, 698259
Ford, Aspire Titanium 1.2 Ti-VCT, Hyderabad, 710993
Ford, Aspire Titanium 1.2 Ti-VCT, Kolkata, 684850
Ford, Aspire Titanium 1.2 Ti-VCT, Mumbai, 723181
Ford, Aspire Titanium 1.2 Ti-VCT, Delhi, 656293
Ford, Aspire Ambiente 1.5 TDCi, Bangalore, 778063
Ford, Aspire Ambiente 1.5 TDCi, Chennai, 742997
Ford, Aspire Ambiente 1.5 TDCi, Hyderabad, 756420
Ford, Aspire Ambiente 1.5 TDCi, Kolkata, 728042
Ford, Aspire Ambiente 1.5 TDCi, Mumbai, 783250
Ford, Aspire Ambiente 1.5 TDCi, Delhi, 728227
Ford, Aspire Titanium Plus 1.2 Ti-VCT, Bangalore, 829364
Ford, Aspire Titanium Plus 1.2 Ti-VCT, Chennai, 791899
Ford, Aspire Titanium Plus 1.2 Ti-VCT, Hyderabad, 806182
Ford, Aspire Titanium Plus 1.2 Ti-VCT, Kolkata, 775565
Ford, Aspire Titanium Plus 1.2 Ti-VCT, Mumbai, 820000
Ford, Aspire Titanium Plus 1.2 Ti-VCT, Delhi, 757041
Ford, Aspire Titanium 1.5 Ti-VCT AT, Bangalore, 998677
Ford, Aspire Titanium 1.5 Ti-VCT AT, Chennai, 953285
Ford, Aspire Titanium 1.5 Ti-VCT AT, Hyderabad, 970311
Ford, Aspire Titanium 1.5 Ti-VCT AT, Kolkata, 932656
Ford, Aspire Titanium 1.5 Ti-VCT AT, Mumbai, 986860
Ford, Aspire Titanium 1.5 Ti-VCT AT, Delhi, 913024
Ford, EcoSport Ambiente 1.5L Ti-VCT, Bangalore, 842045
Ford, EcoSport Ambiente 1.5L Ti-VCT, Chennai, 807898
Ford, EcoSport Ambiente 1.5L Ti-VCT, Hyderabad, 822161
Ford, EcoSport Ambiente 1.5L Ti-VCT, Kolkata, 797170
Ford, EcoSport Ambiente 1.5L Ti-VCT, Mumbai, 830191
Ford, EcoSport Ambiente 1.5L Ti-VCT, Delhi, 769069
Ford, EcoSport Ambiente 1.5L TDCi, Bangalore, 922938
Ford, EcoSport Ambiente 1.5L TDCi, Chennai, 885353
Ford, EcoSport Ambiente 1.5L TDCi, Hyderabad, 901326
Ford, EcoSport Ambiente 1.5L TDCi, Kolkata, 872293
Ford, EcoSport Ambiente 1.5L TDCi, Mumbai, 932793
Ford, EcoSport Ambiente 1.5L TDCi, Delhi, 858045
Ford, EcoSport Trend 1.5L Ti-VCT, Bangalore, 937427
Ford, EcoSport Trend 1.5L Ti-VCT, Chennai, 899224
Ford, EcoSport Trend 1.5L Ti-VCT, Hyderabad, 915048
Ford, EcoSport Trend 1.5L Ti-VCT, Kolkata, 885566
Ford, EcoSport Trend 1.5L Ti-VCT, Mumbai, 930670
Ford, EcoSport Trend 1.5L Ti-VCT, Delhi, 855865
Ford, EcoSport Trend 1.5L TDCi, Bangalore, 1009869
Ford, EcoSport Trend 1.5L TDCi, Chennai, 968590
Ford, EcoSport Trend 1.5L TDCi, Hyderabad, 985732
Ford, EcoSport Trend 1.5L TDCi, Kolkata, 951931
Ford, EcoSport Trend 1.5L TDCi, Mumbai, 1020412
Ford, EcoSport Trend 1.5L TDCi, Delhi, 936346
Ford, EcoSport Trend+ 1.0L EcoBoost, Bangalore, 1009636
Ford, EcoSport Trend+ 1.0L EcoBoost, Chennai, 968298
Ford, EcoSport Trend+ 1.0L EcoBoost, Hyderabad, 986855
Ford, EcoSport Trend+ 1.0L EcoBoost, Kolkata, 950825
Ford, EcoSport Trend+ 1.0L EcoBoost, Mumbai, 1001863
Ford, EcoSport Trend+ 1.0L EcoBoost, Mumbai, 1001863
Ford, EcoSport Trend+ 1.0L EcoBoost Black Edition, Chennai, 1002722
Ford, EcoSport Trend+ 1.0L EcoBoost Black Edition, Chennai, 1002722
Ford, EcoSport Trend+ 1.0L EcoBoost Black Edition, Chennai, 1002722
Ford, EcoSport Trend+ 1.0L EcoBoost Black Edition, Chennai, 1002722
Ford, EcoSport Titanium+ 1.5L TDCi Black Edition, Bangalore, 1248096
Ford, EcoSport Titanium+ 1.5L TDCi Black Edition, Chennai, 1220961
Ford, EcoSport Titanium+ 1.5L TDCi Black Edition, Hyderabad, 1219325
Ford, EcoSport Titanium+ 1.5L TDCi Black Edition, Kolkata, 1135503
Ford, EcoSport Titanium+ 1.5L TDCi Black Edition, Mumbai, 1181868
Ford, EcoSport Titanium+ 1.5L TDCi Black Edition, Delhi, 1130362
Ford, Endeavour Trend 2.2 4x4 MT, Bangalore, 3037514
Ford, Endeavour Trend 2.2 4x4 MT, Chennai, 2926643
Ford, Endeavour Trend 2.2 4x4 MT, Hyderabad, 2902364
Ford, Endeavour Trend 2.2 4x4 MT, Kolkata, 2727956
Ford, Endeavour Trend 2.2 4x4 MT, Mumbai, 2998133
Ford, Endeavour Trend 2.2 4x4 MT, Delhi, 2806496
Ford, Endeavour Trend 2.2 4x4 MT, Bangalore, 3037514
Ford, Endeavour Trend 2.2 4x4 MT, Chennai, 2926643
Ford, Endeavour Trend 2.2 4x4 MT, Hyderabad, 2902364
Ford, Endeavour Trend 2.2 4x4 MT, Kolkata, 2727956
Ford, Endeavour Trend 2.2 4x4 MT, Mumbai, 2998133
Ford, Endeavour Trend 2.2 4x4 MT, Delhi, 2806496
Ford, Endeavour Trend 2.2 4x2 MT, Bangalore, 3203445
Ford, Endeavour Trend 3.2 4x4 AT, Bangalore, 3310578
Ford, Endeavour Trend 3.2 4x4 AT, Chennai, 3188698
Ford, Endeavour Trend 3.2 4x4 AT, Hyderabad, 3162233
Ford, Endeavour Trend 3.2 4x4 AT, Kolkata, 2971397
Ford, Endeavour Trend 3.2 4x4 AT, Mumbai, 3267213
Ford, Endeavour Trend 3.2 4x4 AT, Delhi, 3059135
Ford, Endeavour Titanium 3.2 4x4 AT, Bangalore, 3798031
Ford, Endeavour Titanium 3.2 4x4 AT, Chennai, 3669502
Ford, Endeavour Titanium 3.2 4x4 AT, Hyderabad, 3639130
Ford, Endeavour Titanium 3.2 4x4 AT, Kolkata, 3406549
Ford, Endeavour Titanium 3.2 4x4 AT, Mumbai, 3747555
Ford, Endeavour Titanium 3.2 4x4 AT, Delhi, 3510126
Hyundai, Eon D-Lite, Bangalore, 392148
Hyundai, Eon D-Lite, Chennai, 375944
Hyundai, Eon D-Lite, Hyderabad, 383767
Hyundai, Eon D-Lite, Kolkata, 368668
Hyundai, Eon D-Lite, Mumbai, 388402
Hyundai, Eon D-Lite, Delhi, 356689
Hyundai, Eon Era +, Bangalore, 440195
Hyundai, Eon Era +, Chennai, 422053
Hyundai, Eon Era +, Kolkata, 413222 
Hyundai, Eon Magna +, Bangalore, 477697
Hyundai, Eon Magna +, Chennai, 458041
Hyundai, Eon Magna +, Hyderabad, 467060
Hyundai, Eon Magna +, Kolkata, 447998
Hyundai, Eon Magna +, Mumbai, 472862
Hyundai, Eon Magna +, Delhi, 431369
Hyundai, Eon Sportz, Bangalore, 512037
Hyundai, Eon Sportz, Chennai, 490980
Hyundai, Eon Sportz, Hyderabad, 500483
Hyundai, Eon Sportz, Kolkata, 479829
Hyundai, Eon Sportz, Mumbai, 506754
Hyundai, Eon Sportz, Delhi, 463919
Hyundai, i10 Era 1.1 iRDE2, Bangalore, 520718
Hyundai, i10 Era 1.1 iRDE2, Chennai, 500056
Hyundai, i10 Era 1.1 iRDE2, Hyderabad, 510488
Hyundai, i10 Era 1.1 iRDE2, Kolkata, 489278
Hyundai, i10 Era 1.1 iRDE2, Mumbai, 512549
Hyundai, i10 Era 1.1 iRDE2, Delhi, 473963
Hyundai, i10 Magna 1.1 iRDE2, Bangalore, 548991
Hyundai, i10 Magna 1.1 iRDE2, Chennai, 527465
Hyundai, i10 Magna 1.1 iRDE2, Hyderabad, 538000
Hyundai, i10 Magna 1.1 iRDE2, Kolkata, 515077
Hyundai, i10 Magna 1.1 iRDE2, Mumbai, 540444
Hyundai, i10 Magna 1.1 iRDE2, Delhi, 499120
Hyundai, i10 Sportz 1.1 iRDE2, Bangalore, 584434
Hyundai, i10 Sportz 1.1 iRDE2, Chennai, 561139
Hyundai, i10 Sportz 1.1 iRDE2, Hyderabad, 572499
Hyundai, i10 Sportz 1.1 iRDE2, Kolkata, 547933
Hyundai, i10 Sportz 1.1 iRDE2, Mumbai, 575414
Hyundai, i10 Sportz 1.1 iRDE2, Delhi, 530655
Hyundai, i10 Sportz 1.1 LPG, Bangalore, 625455
Hyundai, i10 Sportz 1.1 LPG, Chennai, 595400
Hyundai, i10 Sportz 1.1 LPG, Hyderabad, 606564
Hyundai, i10 Sportz 1.1 LPG, Kolkata, 586835
Hyundai, i10 Sportz 1.1 LPG, Mumbai, 587963
Hyundai, i10 Sportz 1.1 LPG, Delhi, 564783
Hyundai, Grand i10 Era 1.2 Kappa VTVT, Bangalore, 599859
Hyundai, Grand i10 Era 1.2 Kappa VTVT, Chennai, 567835
Hyundai, Grand i10 Era 1.2 Kappa VTVT, Hyderabad, 578517
Hyundai, Grand i10 Era 1.2 Kappa VTVT, Kolkata, 552747
Hyundai, Grand i10 Era 1.2 Kappa VTVT, Mumbai, 582196
Hyundai, Grand i10 Era 1.2 Kappa VTVT, Delhi, 532582
Hyundai, Grand i10 Magna 1.2 Kappa VTVT, Bangalore, 633126
Hyundai, Grand i10 Magna 1.2 Kappa VTVT, Chennai, 599289
Hyundai, Grand i10 Magna 1.2 Kappa VTVT, Hyderabad, 610596
Hyundai, Grand i10 Magna 1.2 Kappa VTVT, Kolkata, 583303
Hyundai, Grand i10 Magna 1.2 Kappa VTVT, Mumbai, 614722
Hyundai, Grand i10 Magna 1.2 Kappa VTVT, Delhi, 561906
Hyundai, Grand i10 Magna 1.2 Kappa VTVT, Bangalore, 633126
Hyundai, Grand i10 Magna 1.2 Kappa VTVT, Chennai, 599289
Hyundai, Grand i10 Magna 1.2 Kappa VTVT, Hyderabad, 610596
Hyundai, Grand i10 Magna 1.2 Kappa VTVT, Kolkata, 583303
Hyundai, Grand i10 Magna 1.2 Kappa VTVT, Mumbai, 614722
Hyundai, Grand i10 Magna 1.2 Kappa VTVT, Delhi, 561906   
Hyundai, Grand i10 Sportz 1.2 Kappa VTVT, Bangalore, 674697
Hyundai, Grand i10 Sportz 1.2 Kappa VTVT, Chennai, 651235
Hyundai, Grand i10 Sportz 1.2 Kappa VTVT, Hyderabad, 663421
Hyundai, Grand i10 Sportz 1.2 Kappa VTVT, Kolkata, 633609
Hyundai, Grand i10 Sportz 1.2 Kappa VTVT, Mumbai, 668278
Hyundai, Grand i10 Sportz 1.2 Kappa VTVT, Delhi, 610193
Hyundai, Grand i10 Era 1.1 CRDi, Bangalore, 707072
Hyundai, Grand i10 Era 1.1 CRDi, Chennai, 670017
Hyundai, Grand i10 Era 1.1 CRDi, Hyderabad, 681808
Hyundai, Grand i10 Era 1.1 CRDi, Kolkata, 651014
Hyundai, Grand i10 Era 1.1 CRDi, Mumbai, 700773
Hyundai, Grand i10 Era 1.1 CRDi, Delhi, 631033
Hyundai, Grand i10 Magna AT 1.2 Kappa VTVT, Bangalore, 727998
Hyundai, Grand i10 Magna AT 1.2 Kappa VTVT, Chennai, 687698
Hyundai, Grand i10 Magna AT 1.2 Kappa VTVT, Hyderabad, 702080
Hyundai, Grand i10 Magna AT 1.2 Kappa VTVT, Kolkata, 670429
Hyundai, Grand i10 Magna AT 1.2 Kappa VTVT, Mumbai, 707471
Hyundai, Grand i10 Magna AT 1.2 Kappa VTVT, Delhi, 645531
Hyundai, Grand i10 Sportz 1.1 CRDi, Bangalore, 796624
Hyundai, Grand i10 Sportz 1.1 CRDi, Chennai, 754836
Hyundai, Grand i10 Sportz 1.1 CRDi, Hyderabad, 768160
Hyundai, Grand i10 Sportz 1.1 CRDi, Kolkata, 733256
Hyundai, Grand i10 Sportz 1.1 CRDi, Mumbai, 789917
Hyundai, Grand i10 Sportz 1.1 CRDi, Delhi, 735144
Hyundai, Grand i10 Asta 1.1 CRDi (O), Bangalore, 854003
Hyundai, Grand i10 Asta 1.1 CRDi (O), Chennai, 809670
Hyundai, Grand i10 Asta 1.1 CRDi (O), Hyderabad, 823489
Hyundai, Grand i10 Asta 1.1 CRDi (O), Kolkata, 785951
Hyundai, Grand i10 Asta 1.1 CRDi (O), Mumbai, 847033
Hyundai, Grand i10 Asta 1.1 CRDi (O), Delhi, 787969
Hyundai, Xcent Base 1.2, Bangalore, 655986
Hyundai, Xcent Base 1.2, Chennai, 618110
Hyundai, Xcent Base 1.2, Hyderabad, 628582
Hyundai, Xcent Base 1.2, Kolkata, 613911
Hyundai, Xcent Base 1.2, Mumbai, 641989
Hyundai, Xcent Base 1.2, Mumbai, 641989
Hyundai, Xcent S 1.2, Bangalore, 742463
Hyundai, Xcent S 1.2, Chennai, 700193
Hyundai, Xcent S 1.2, Hyderabad, 711963
Hyundai, Xcent S 1.2, Kolkata, 693329
Hyundai, Xcent S 1.2, Mumbai, 726541
Hyundai, Xcent S 1.2, Mumbai, 726541
Hyundai, Xcent SX 1.2, Bangalore, 781946
Hyundai, Xcent SX 1.2, Chennai, 737579
Hyundai, Xcent SX 1.2, Hyderabad, 750039
Hyundai, Xcent SX 1.2, Kolkata, 729588
Hyundai, Xcent SX 1.2, Mumbai, 765146
Hyundai, Xcent SX 1.2, Delhi, 717404
Hyundai, Xcent S 1.1 CRDi, Bangalore, 853760
Hyundai, Xcent S 1.1 CRDi, Chennai, 806225
Hyundai, Xcent S 1.1 CRDi, Hyderabad, 820364
Hyundai, Xcent S 1.1 CRDi, Kolkata, 794901
Hyundai, Xcent S 1.1 CRDi, Mumbai, 847413
Hyundai, Xcent S 1.1 CRDi, Delhi, 791734
Hyundai, Xcent SX 1.1 CRDi, Bangalore, 895095
Hyundai, Xcent SX 1.1 CRDi, Chennai, 845335
Hyundai, Xcent SX 1.1 CRDi, Hyderabad, 860218
Hyundai, Xcent SX 1.1 CRDi, Kolkata, 832859
Hyundai, Xcent SX 1.1 CRDi, Mumbai, 888569
Hyundai, Xcent SX 1.1 CRDi, Delhi, 829784
Hyundai, Elite i20 Era 1.2, Bangalore, 680802
Hyundai, Elite i20 Era 1.2, Chennai, 648447
Hyundai, Elite i20 Era 1.2, Hyderabad, 657925
Hyundai, Elite i20 Era 1.2, Kolkata, 631867
Hyundai, Elite i20 Era 1.2, Mumbai, 663719
Hyundai, Elite i20 Era 1.2, Delhi, 606522
Hyundai, Elite i20 Magna 1.2, Bangalore, 751721
Hyundai, Elite i20 Magna 1.2, Chennai, 715812
Hyundai, Elite i20 Magna 1.2, Hyderabad, 726306
Hyundai, Elite i20 Magna 1.2, Kolkata, 697326
Hyundai, Elite i20 Magna 1.2, Mumbai, 733059
Hyundai, Elite i20 Magna 1.2, Delhi, 687591
Hyundai, Elite i20 Sportz 1.2, Bangalore, 820714
Hyundai, Elite i20 Sportz 1.2, Chennai, 781361
Hyundai, Elite i20 Sportz 1.2, Kolkata, 761006
Hyundai, Elite i20 Sportz 1.2, Mumbai, 800516
Hyundai, Elite i20 Era 1.4 CRDI, Bangalore, 828608
Hyundai, Elite i20 Era 1.4 CRDI, Bangalore, 828608
Hyundai, Elite i20 Era 1.4 CRDI, Hyderabad, 800373
Hyundai, Elite i20 Era 1.4 CRDI, Kolkata, 765797
Hyundai, Elite i20 Era 1.4 CRDI, Mumbai, 824563
Hyundai, Elite i20 Era 1.4 CRDI, Delhi, 767671
Hyundai, Elite i20 Asta 1.2, Bangalore, 880260
Hyundai, Elite i20 Asta 1.2, Hyderabad, 850253
Hyundai, Elite i20 Asta 1.2, Mumbai, 858731
Hyundai, Elite i20 Asta 1.2, Delhi, 804069
Hyundai, Elite i20 Magna 1.4 CRDI, Chennai, 857758
Hyundai, Elite i20 Magna 1.4 CRDI, Hyderabad, 869962
Hyundai, Elite i20 Magna 1.4 CRDI, Kolkata, 828251
Hyundai, Elite i20 Magna 1.4 CRDI, Mumbai, 896410
Hyundai, Elite i20 Magna 1.4 CRDI, Delhi, 834112
Hyundai, Elite i20 Asta 1.4 CRDI, Bangalore, 1031640
Hyundai, Elite i20 Asta 1.4 CRDI, Chennai, 982188
Hyundai, Elite i20 Asta 1.4 CRDI, Hyderabad, 996146
Hyundai, Elite i20 Asta 1.4 CRDI, Kolkata, 948431
Hyundai, Elite i20 Asta 1.4 CRDI, Mumbai, 1026688
Hyundai, Elite i20 Asta 1.4 CRDI, Delhi, 954586
Hyundai, Elite i20 Magna 1.4 AT, Bangalore, 1097902
Hyundai, Elite i20 Magna 1.4 AT, Chennai, 1049773
Hyundai, Elite i20 Magna 1.4 AT, Hyderabad, 1059392
Hyundai, Elite i20 Magna 1.4 AT, Kolkata, 1010019
Hyundai, Elite i20 Magna 1.4 AT, Mumbai, 1069987
Hyundai, Elite i20 Magna 1.4 AT, Delhi, 999280
Hyundai, Verna 1.4 VTVT, Bangalore, 957834
Hyundai, Verna 1.4 VTVT, Chennai, 912153
Hyundai, Verna 1.4 VTVT, Hyderabad, 925361
Hyundai, Verna 1.4 VTVT, Kolkata, 881853
Hyundai, Verna 1.4 VTVT, Mumbai, 936715
Hyundai, Verna 1.4 VTVT, Delhi, 874264
Hyundai, Verna 1.6 VTVT S, Bangalore, 1107044
Hyundai, Verna 1.6 VTVT S, Chennai, 1054124
Hyundai, Verna 1.6 VTVT S, Hyderabad, 1069140
Hyundai, Verna 1.6 VTVT S, Kolkata, 1019090
Hyundai, Verna 1.6 VTVT S, Mumbai, 1082424
Hyundai, Verna 1.6 VTVT S, Delhi, 1009496
Hyundai, Verna 1.4 CRDI, Bangalore, 1111731
Hyundai, Verna 1.4 CRDI, Chennai, 1058433
Hyundai, Verna 1.4 CRDI, Hyderabad, 1073755
Hyundai, Verna 1.4 CRDI, Kolkata, 1023186
Hyundai, Verna 1.4 CRDI, Mumbai, 1106858
Hyundai, Verna 1.4 CRDI, Delhi, 1029744
Hyundai, Verna 1.6 VTVT SX, Bangalore, 1194691
Hyundai, Verna 1.6 VTVT SX, Chennai, 1137419
Hyundai, Verna 1.6 VTVT SX, Hyderabad, 1153636
Hyundai, Verna 1.6 VTVT SX, Kolkata, 1109618
Hyundai, Verna 1.6 VTVT SX, Mumbai, 1188958
Hyundai, Verna 1.6 VTVT SX, Delhi, 1088905
Hyundai, Verna 1.6 CRDI S, Bangalore, 1302668
Hyundai, Verna 1.6 CRDI S, Chennai, 1259778
Hyundai, Verna 1.6 CRDI S, Hyderabad, 1245424
Hyundai, Verna 1.6 CRDI S, Kolkata, 1167636
Hyundai, Verna 1.6 CRDI S, Mumbai, 1273446
Hyundai, Verna 1.6 CRDI S, Delhi, 1212607
Hyundai, Verna 1.6 CRDI SX, Bangalore, 1393497
Hyundai, Verna 1.6 CRDI SX, Chennai, 1347483
Hyundai, Verna 1.6 CRDI SX, Hyderabad, 1332125
Hyundai, Verna 1.6 CRDI SX, Kolkata, 1248852
Hyundai, Verna 1.6 CRDI SX, Mumbai, 1362186
Hyundai, Verna 1.6 CRDI SX, Delhi, 1296708
Hyundai, Creta 1.6 E Petrol, Bangalore, 1120085
Hyundai, Creta 1.6 E Petrol, Chennai, 1071961
Hyundai, Creta 1.6 E Petrol, Hyderabad, 1087582
Hyundai, Creta 1.6 E Petrol, Kolkata, 1041255
Hyundai, Creta 1.6 E Petrol, Mumbai, 1106188
Hyundai, Creta 1.6 E Petrol, Delhi, 1027233
Hyundai, Creta 1.4 S, Bangalore, 1412357
Hyundai, Creta 1.4 S, Chennai, 1370942
Hyundai, Creta 1.4 S, Hyderabad, 1356150
Hyundai, Creta 1.4 S, Kolkata, 1275469
Hyundai, Creta 1.4 S, Mumbai, 1392306
Hyundai, Creta 1.4 S, Delhi, 1319983
Hyundai, Creta 1.6 SX, Bangalore, 1565272
Hyundai, Creta 1.6 SX, Chennai, 1518994
Hyundai, Creta 1.6 SX, Hyderabad, 1502166
Hyundai, Creta 1.6 SX, Kolkata, 1412786
Hyundai, Creta 1.6 SX, Mumbai, 1542474
Hyundai, Creta 1.6 SX, Delhi, 1462077
Hyundai, Creta 1.6 SX Plus AT, Bangalore, 1833718
Hyundai, Creta 1.6 SX Plus AT, Chennai, 1777995
Hyundai, Creta 1.6 SX Plus AT, Hyderabad, 1758405
Hyundai, Creta 1.6 SX Plus AT, Kolkata, 1652853
Hyundai, Creta 1.6 SX Plus AT, Mumbai, 1805825
Hyundai, Creta 1.6 SX Plus AT, Delhi, 1710641
Hyundai, Elantra 2.0 SMT, Bangalore, 1641745
Hyundai, Elantra 2.0 SMT, Chennai, 1598520
Hyundai, Elantra 2.0 SMT, Hyderabad, 1568961
Hyundai, Elantra 2.0 SMT, Kolkata, 1470387
Hyundai, Elantra 2.0 SMT, Mumbai, 1577168
Hyundai, Elantra 2.0 SMT, Delhi, 1493200
Hyundai, Elantra 1.6 S MT, Bangalore, 1868232
Hyundai, Elantra 1.6 S MT, Chennai, 1821917
Hyundai, Elantra 1.6 S MT, Hyderabad, 1785151
Hyundai, Elantra 1.6 S MT, Kolkata, 1672921
Hyundai, Elantra 1.6 S MT, Mumbai, 1826622
Hyundai, Elantra 1.6 S MT, Delhi, 1735387
Hyundai, Elantra 2.0 SX AT, Bangalore, 2006642
Hyundai, Elantra 2.0 SX AT, Chennai, 1955994
Hyundai, Elantra 2.0 SX AT, Hyderabad, 1917263
Hyundai, Elantra 2.0 SX AT, Kolkata, 1796694
Hyundai, Elantra 2.0 SX AT, Mumbai, 1927641
Hyundai, Elantra 2.0 SX AT, Delhi, 1823819
Hyundai, Elantra 1.6 SX (O) AT, Bangalore, 2421866
Hyundai, Elantra 1.6 SX (O) AT, Chennai, 2358220
Hyundai, Elantra 1.6 SX (O) AT, Hyderabad, 2313605
Hyundai, Elantra 1.6 SX (O) AT, Kolkata, 2168008
Hyundai, Elantra 1.6 SX (O) AT, Mumbai, 2388584
Hyundai, Elantra 1.6 SX (O) AT, Delhi, 2248015
Hyundai, Tucson 2WD MT Petrol, Bangalore, 2408641
Hyundai, Tucson 2WD MT Petrol, Chennai, 2333843
Hyundai, Tucson 2WD MT Petrol, Hyderabad, 2314515
Hyundai, Tucson 2WD MT Petrol, Kolkata, 2170834
Hyundai, Tucson 2WD MT Petrol, Mumbai, 2346511
Hyundai, Tucson 2WD MT Petrol, Delhi, 2202462
Hyundai, Tucson 2WD AT GLS Diesel, Bangalore, 3191829
Hyundai, Tucson 2WD AT GLS Diesel, Chennai, 3065166
Hyundai, Tucson 2WD AT GLS Diesel, Hyderabad, 3039732
Hyundai, Tucson 2WD AT GLS Diesel, Kolkata, 2850420
Hyundai, Tucson 2WD AT GLS Diesel, Mumbai, 3133486
Hyundai, Tucson 2WD AT GLS Diesel, Delhi, 2953486
Hyundai, Santa Fe 2 WD MT, Bangalore, 3627719
Hyundai, Santa Fe 2 WD MT, Chennai, 3472476
Hyundai, Santa Fe 2 WD MT, Hyderabad, 3437141
Hyundai, Santa Fe 2 WD MT, Kolkata, 3221358
Hyundai, Santa Fe 2 WD MT, Mumbai, 3548304
Hyundai, Santa Fe 2 WD MT, Delhi, 3344637
Hyundai, Santa Fe 4 WD AT, Bangalore, 4062324
Hyundai, Santa Fe 4 WD AT, Chennai, 3888067
Hyundai, Santa Fe 4 WD AT, Hyderabad, 3848292
Hyundai, Santa Fe 4 WD AT, Kolkata, 3606510
Hyundai, Santa Fe 4 WD AT, Mumbai, 3972915
Hyundai, Santa Fe 4 WD AT, Delhi, 3755995
Jaguar, XE Pure, Chennai, 4963692
Jaguar, XE Pure, Kolkata, 4579924
Jaguar, XE Pure, Mumbai, 4926079
Jaguar, XE Pure, Delhi, 4567210
Jaguar, XE Prestige, Chennai, 5429998
Jaguar, XE Prestige, Kolkata, 5012956
Jaguar, XE Prestige, Mumbai, 5384820
Jaguar, XE Prestige, Delhi, 4997713
Jaguar, XE Portfolio, Chennai, 5959052
Jaguar, XE Portfolio, Kolkata, 5505267
Jaguar, XE Portfolio, Mumbai, 5910582
Jaguar, XE Portfolio, Delhi, 5486147
Jaguar, XF Pure Diesel, Chennai, 6150175
Jaguar, XF Pure Diesel, Kolkata, 5655402
Jaguar, XF Pure Diesel, Mumbai, 6599042
Jaguar, XF Pure Diesel, Delhi, 5796417
Jaguar, XF Portfolio Diesel, Chennai, 7701785
Jaguar, XF Portfolio Diesel, Kolkata, 7090433
Jaguar, XF Portfolio Diesel, Mumbai, 8255132
Jaguar, XF Portfolio Diesel, Delhi, 7259141
Jaguar, F-Pace Pure, Chennai, 8497592
Jaguar, F-Pace Pure, Kolkata, 7841057
Jaguar, F-Pace Pure, Mumbai, 9203905
Jaguar, F-Pace Pure, Delhi, 8048289
Jaguar, F-Pace R-SPORT, Chennai, 14728318
Jaguar, F-Pace R-SPORT, Kolkata, 11727543
Jaguar, F-Pace R-SPORT, Mumbai, 15948609
Jaguar, F-Pace R-SPORT, Delhi, 12010266
Land Rover, Range Rover Evoque Pure, Chennai, 6034103
Land Rover, Range Rover Evoque Pure, Kolkata, 5620948
Land Rover, Range Rover Evoque Pure, Mumbai, 6086095
Land Rover, Range Rover Evoque Pure, Delhi, 5691936
Land Rover, Range Rover Evoque HSE, Chennai, 7424408
Land Rover, Range Rover Evoque HSE, Kolkata, 6909492
Land Rover, Range Rover Evoque HSE, Mumbai, 7491215
Land Rover, Range Rover Evoque HSE, Delhi, 7003745
Land Rover, Discovery Sport S, Chennai, 5909838
Land Rover, Discovery Sport S, Kolkata, 5507713
Land Rover, Discovery Sport S, Mumbai, 5970896
Land Rover, Discovery Sport S, Delhi, 5574686
Land Rover, Discovery Sport HSE, Chennai, 6858445
Land Rover, Discovery Sport HSE, Kolkata, 6384951
Land Rover, Discovery Sport HSE, Mumbai, 6916348
Land Rover, Discovery Sport HSE, Delhi, 6469734
Land Rover, Range Rover Sport SDV6 S, Chennai, 14643360
Land Rover, Range Rover Sport SDV6 S, Kolkata, 13614539
Land Rover, Range Rover Sport SDV6 S, Mumbai, 15625413
Land Rover, Range Rover Sport SDV6 S, Delhi, 13788982
Land Rover, Range Rover Sport V6 HSE, Mumbai, 19301116
Land Rover, Range Rover Sport V6 HSE, Delhi, 17052615
Land Rover, Range Rover Sport V8 SC SVR, Chennai, 24847243
Land Rover, Range Rover Sport V8 SC SVR, Kolkata, 23789915
Land Rover, Range Rover Sport V8 SC SVR, Mumbai, 27359356
Land Rover, Range Rover Sport V8 SC SVR, Delhi, 23629005
Land Rover, Range Rover 3.0 V6 Diesel Vogue, Chennai, 26129055
Land Rover, Range Rover 3.0 V6 Diesel Vogue, Kolkata, 24277174
Land Rover, Range Rover 3.0 V6 Diesel Vogue, Mumbai, 27111189
Land Rover, Range Rover 3.0 V6 Diesel Vogue, Delhi, 24603366
Land Rover, Range Rover 5.0 V8 SV Autobiography LWB, Kolkata, 45255186
Land Rover, Range Rover 5.0 V8 SV Autobiography LWB, Mumbai, 52332088
Land Rover, Range Rover 5.0 V8 SV Autobiography LWB, Delhi, 45475042
Mahindra, KUV100 K2 6 STR, Bangalore, 551757
Mahindra, KUV100 K2 6 STR, Chennai, 535803
Mahindra, KUV100 K2 6 STR, Hyderabad, 545671
Mahindra, KUV100 K2 6 STR, Kolkata, 531980
Mahindra, KUV100 K2 6 STR, Mumbai, 522935
Mahindra, KUV100 K2 6 STR, Delhi, 500305
Mahindra,KUV100 K2 D 6 STR,Bangalore,668407
Mahindra,KUV100 K2 D 6 STR,Chennai,642123
Mahindra,KUV100 K2 D 6 STR,Hyderabad,655361
Mahindra,KUV100 K2 D 6 STR,Kolkata,635247
Mahindra,KUV100 K2 D 6 STR,Mumbai,639861
Mahindra,KUV100 K2 D 6 STR,Delhi,607443
Mahindra,KUV100 K6 6 STR,Bangalore,686655
Mahindra,KUV100 K6 6 STR,Chennai,659419
Mahindra,KUV100 K6 6 STR,Hyderabad,672962
Mahindra,KUV100 K6 6 STR,Kolkata,651859
Mahindra,KUV100 K6 6 STR,Mumbai,645891
Mahindra,KUV100 K6 6 STR,Delhi,615345
Mahindra,KUV100 K8 6 STR,Bangalore,753803
Mahindra,KUV100 K8 6 STR,Chennai,723549
Mahindra,KUV100 K8 6 STR,Hyderabad,738221
Mahindra,KUV100 K8 6 STR,Kolkata,714049
Mahindra,KUV100 K8 6 STR,Mumbai,708900
Mahindra,KUV100 K8 6 STR,Delhi,693640
Mahindra,KUV100 K8 D 6 STR,Bangalore,864344
Mahindra,KUV100 K8 D 6 STR,Chennai,828973
Mahindra,KUV100 K8 D 6 STR,Hyderabad,845501
Mahindra,KUV100 K8 D 6 STR,Kolkata,816451
Mahindra,KUV100 K8 D 6 STR,Mumbai,826710
Mahindra,KUV100 K8 D 6 STR,Delhi,809502
Mahindra,Thar DI 2WD PS BS III,Bangalore,681094
Mahindra,Thar DI 2WD PS BS III,Chennai,690962
Mahindra,Thar DI 2WD PS BS III,Hyderabad,695018
Mahindra,Thar DI 2WD PS BS III,Kolkata,677475
Mahindra,Thar DI 2WD PS BS III,Mumbai,697253
Mahindra,Thar DI 2WD PS BS III,Delhi,653670
Mahindra,Thar DI 4WD PS BS III,Bangalore,777686
Mahindra,Thar DI 4WD PS BS III,Chennai,751491
Mahindra,Thar DI 4WD PS BS III,Hyderabad,756611
Mahindra,Thar DI 4WD PS BS III,Kolkata,736255
Mahindra,Thar DI 4WD PS BS III,Mumbai,759947
Mahindra,Thar DI 4WD PS BS III,Delhi,734569
Mahindra,Thar CRDe 4x4 AC,Bangalore,1065927
Mahindra,Thar CRDe 4x4 AC,Chennai,1024056
Mahindra,Thar CRDe 4x4 AC,Hyderabad,1042124
Mahindra,Thar CRDe 4x4 AC,Kolkata,1014587
Mahindra,Thar CRDe 4x4 AC,Mumbai,1011951
Mahindra,Thar CRDe 4x4 AC,Delhi,1007582
Mahindra,Bolero DI BS III,Bangalore,821459
Mahindra,Bolero DI BS III,Chennai,794481
Mahindra,Bolero DI BS III,Hyderabad,803059
Mahindra,Bolero DI BS III,Kolkata,775133
Mahindra,Bolero DI BS III,Mumbai,748820
Mahindra,Bolero DI BS III,Delhi,768004
Mahindra,Bolero SLX BS IV,Bangalore,1006619
Mahindra,Bolero SLX BS IV,Chennai,974636
Mahindra,Bolero SLX BS IV,Chennai,974636
Mahindra,Bolero SLX BS IV,,
Mahindra,Bolero ZLX BS IV,Bangalore,1036486
Mahindra,Bolero ZLX BS IV,Chennai,1003098
Mahindra,Bolero ZLX BS IV,Hyderabad,1020313
Mahindra,Bolero ZLX BS IV,Kolkata,978073
Mahindra,Bolero ZLX BS IV,Mumbai,1018503
Mahindra,Bolero ZLX BS IV,Delhi,990510
Mahindra,Verito 1.5 D2 BS-IV,Bangalore,875138
Mahindra,Verito 1.5 D2 BS-IV,Chennai,842339
Mahindra,Verito 1.5 D2 BS-IV,Hyderabad,848483
Mahindra,Verito 1.5 D2 BS-IV,Kolkata,818549
Mahindra,Verito 1.5 D2 BS-IV,Mumbai,844102
Mahindra,Verito 1.5 D2 BS-IV,Delhi,834184
Mahindra,Verito 1.5 D6 BS-IV,Bangalore,993221
Mahindra,Verito 1.5 D6 BS-IV,Chennai,957544
Mahindra,Verito 1.5 D6 BS-IV,Hyderabad,965157
Mahindra,Verito 1.5 D6 BS-IV,Kolkata,928608
Mahindra,Verito 1.5 D6 BS-IV,Mumbai,960382
Mahindra,Verito 1.5 D6 BS-IV,Delhi,947272
Mahindra,Verito E D6,Delhi,1144713
Mahindra,TUV300 T4,Bangalore,899763
Mahindra,TUV300 T4,Chennai,857458
Mahindra,TUV300 T4,Hyderabad,872635
Mahindra,TUV300 T4,Kolkata,840564
Mahindra,TUV300 T4,Mumbai,846719
Mahindra,TUV300 T4,Delhi,837027
Mahindra,TUV300 T8,Bangalore,1085588
Mahindra,TUV300 T8,Chennai,1034284
Mahindra,TUV300 T8,Hyderabad,1055706
Mahindra,TUV300 T8,Kolkata,1010379
Mahindra,TUV300 T8,Mumbai,1026545
Mahindra,TUV300 T8,Delhi,1009689
Mahindra,TUV300 T8 AMT mHAWK100,Bangalore,1184564
Mahindra,TUV300 T8 AMT mHAWK100,Chennai,1128465
Mahindra,TUV300 T8 AMT mHAWK100,Hyderabad,1151614
Mahindra,TUV300 T8 AMT mHAWK100,Kolkata,1111104
Mahindra,TUV300 T8 AMT mHAWK100,Mumbai,1120725
Mahindra,TUV300 T8 AMT mHAWK100,Delhi,1101466
Mahindra,NuvoSport N4,Bangalore,921426
Mahindra,NuvoSport N4,Chennai,879335
Mahindra,NuvoSport N4,Hyderabad,892977
Mahindra,NuvoSport N4,Kolkata,868449
Mahindra,NuvoSport N4,Mumbai,869007
Mahindra,NuvoSport N4,Delhi,849313
Mahindra,NuvoSport N6,Bangalore,1051523
Mahindra,NuvoSport N6,Chennai,1001420
Mahindra,NuvoSport N6,Hyderabad,1022044
Mahindra,NuvoSport N6,Kolkata,988215
Mahindra,NuvoSport N6,Mumbai,993808
Mahindra,NuvoSport N6,Delhi,973607
Mahindra,NuvoSport N8,Bangalore,1146525
Mahindra,NuvoSport N8,Chennai,1091820
Mahindra,NuvoSport N8,Hyderabad,1114104
Mahindra,NuvoSport N8,Kolkata,1075709
Mahindra,NuvoSport N8,Mumbai,1083150
Mahindra,NuvoSport N8,Delhi,1061577
Mahindra,Xylo D2 BS-III,Bangalore,1065121
Mahindra,Xylo D2 BS-III,Chennai,1017919
Mahindra,Xylo D2 BS-III,Hyderabad,1032375
Mahindra,Xylo D2 BS-III,Kolkata,1004111
Mahindra,Xylo D2 BS-III,Mumbai,1001449
Mahindra,Xylo D2 BS-III,Delhi,1012340
Mahindra,Xylo H8 ABS Airbag BS IV,Bangalore,1436358
Mahindra,Xylo H8 ABS Airbag BS IV,Bangalore,1436358
Mahindra,Xylo H8 ABS Airbag BS IV,Hyderabad,1387941
Mahindra,Xylo H8 ABS Airbag BS IV,Kolkata,1315562
Mahindra,Xylo H8 ABS Airbag BS IV,Mumbai,1333439
Mahindra,Xylo H8 ABS Airbag BS IV,Delhi,1371966
Mahindra,Scorpio S2,Bangalore,1150849
Mahindra,Scorpio S2,Chennai,1112822
Mahindra,Scorpio S2,Hyderabad,1136979
Mahindra,Scorpio S2,Kolkata,1079452
Mahindra,Scorpio S2,Mumbai,1081943
Mahindra,Scorpio S10 1.99,Delhi,1585943
Mahindra,XUV500 W4,Bangalore,1560506
Mahindra,XUV500 W4,Bangalore,1560506
Mahindra,XUV500 W4,,1560506
Mahindra,XUV500 W4,Bangalore,1560506
Mahindra,XUV500 W4,Chennai,1515586
Mahindra,XUV500 W4,Hyderabad,1502937
Mahindra,XUV500 W4,Kolkata,1427384
Mahindra,XUV500 W4,Mumbai,1464507
Mahindra,XUV500 W4,Delhi,1432941
Mahindra,XUV500 W6,Bangalore,1727087
Mahindra,XUV500 W6,Chennai,1676973
Mahindra,XUV500 W6,Hyderabad,1662977
Mahindra,XUV500 W6,Kolkata,1577325
Mahindra,XUV500 W6,Mumbai,1620477
Mahindra,XUV500 W6,Delhi,1526987
Mahindra,XUV500 W8,Chennai,1888917
Mahindra,XUV500 W8,Hyderabad,1877601
Mahindra,XUV500 W8,Kolkata,1774788
Mahindra,XUV500 W8,Mumbai,1829745
Mahindra,XUV500 W8,Delhi,1721397
Mahindra,XUV500 W10,Bangalore,2057890
Mahindra,XUV500 W10,Chennai,1997350
Mahindra,XUV500 W10,Hyderabad,1985129
Mahindra,XUV500 W10,Kolkata,1875583
Mahindra,XUV500 W10,Mumbai,1934537
Mahindra,XUV500 W10,Delhi,1822094
Mahindra,XUV500 W10 AWD AT,Bangalore,2323923
Mahindra,XUV500 W10 AWD AT,Chennai,2255371
Mahindra,XUV500 W10 AWD AT,Hyderabad,2239868
Mahindra,XUV500 W10 AWD AT,Kolkata,2114412
Mahindra,XUV500 W10 AWD AT,Mumbai,2182801
Mahindra,XUV500 W10 AWD AT,Delhi,2136644
Maruti Suzuki,Alto 800 STD,Bangalore,311281
Maruti Suzuki,Alto 800 STD,Chennai,297043
Maruti Suzuki,Alto 800 STD,Hyderabad,298368
Maruti Suzuki,Alto 800 STD,Kolkata,295134
Maruti Suzuki,Alto 800 STD,Mumbai,305148
Maruti Suzuki,Alto 800 STD,Delhi,272119
Maruti Suzuki,Alto 800 LXI,Bangalore,383261
Maruti Suzuki,Alto 800 LXI,Chennai,364057
Maruti Suzuki,Alto 800 LXI,Hyderabad,368646
Maruti Suzuki,Alto 800 LXI,Kolkata,363198
Maruti Suzuki,Alto 800 LXI,Mumbai,375377
Maruti Suzuki,Alto 800 LXI,Delhi,336521
Maruti Suzuki,Alto 800 VXI,Bangalore,406075
Maruti Suzuki,Alto 800 VXI,Chennai,386015
Maruti Suzuki,Alto 800 VXI,Hyderabad,390992
Maruti Suzuki,Alto 800 VXI,Kolkata,384343
Maruti Suzuki,Alto 800 VXI,Mumbai,397913
Maruti Suzuki,Alto 800 VXI,Delhi,356916
Maruti Suzuki,Omni 5 STR BS-IV,Bangalore,342617
Maruti Suzuki,Omni 5 STR BS-IV,Chennai,333588
Maruti Suzuki,Omni 5 STR BS-IV,Hyderabad,331839
Maruti Suzuki,Omni 5 STR BS-IV,Kolkata,323904
Maruti Suzuki,Omni 5 STR BS-IV,Mumbai,329448
Maruti Suzuki,Omni 5 STR BS-IV,Delhi,288650
Maruti Suzuki,Omni E 8 STR BS-IV,Bangalore,344659
Maruti Suzuki,Omni E 8 STR BS-IV,Chennai,335727
Maruti Suzuki,Omni E 8 STR BS-IV,Hyderabad,333839
Maruti Suzuki,Omni E 8 STR BS-IV,Kolkata,325830
Maruti Suzuki,Omni E 8 STR BS-IV,Mumbai,331479
Maruti Suzuki,Omni E 8 STR BS-IV,Delhi,289887
Maruti Suzuki,Alto K10 LXi,Bangalore,428080
Maruti Suzuki,Alto K10 LXi,Chennai,417664
Maruti Suzuki,Alto K10 LXi,Hyderabad,412543
Maruti Suzuki,Alto K10 LXi,Kolkata,409487
Maruti Suzuki,Alto K10 LXi,Mumbai,419040
Maruti Suzuki,Alto K10 LXi,Delhi,375849
Maruti Suzuki,Alto K10 VXi,Bangalore,448289
Maruti Suzuki,Alto K10 VXi,Chennai,426645
Maruti Suzuki,Alto K10 VXi,Hyderabad,432336
Maruti Suzuki,Alto K10 VXi,Kolkata,427234
Maruti Suzuki,Alto K10 VXi,Mumbai,439118
Maruti Suzuki,Alto K10 VXi,Delhi,393914
Maruti Suzuki,Alto K10 VXi AMT,Bangalore,504105
Maruti Suzuki,Alto K10 VXi AMT,Chennai,480366
Maruti Suzuki,Alto K10 VXi AMT,Hyderabad,487004
Maruti Suzuki,Alto K10 VXi AMT,Kolkata,476941
Maruti Suzuki,Alto K10 VXi AMT,Mumbai,494574
Maruti Suzuki,Alto K10 VXi AMT,Delhi,447813
Maruti Suzuki,Eeco 5 STR,Bangalore,417154
Maruti Suzuki,Eeco 5 STR,Chennai,408130
Maruti Suzuki,Eeco 5 STR,Hyderabad,403966
Maruti Suzuki,Eeco 5 STR,Kolkata,399080
Maruti Suzuki,Eeco 5 STR,Kolkata,399080
Maruti Suzuki,Eeco 5 STR,Delhi,353405
Maruti Suzuki,Eeco 7 STR,Bangalore,437750
Maruti Suzuki,Eeco 7 STR,Chennai,428007
Maruti Suzuki,Eeco 7 STR,Hyderabad,424135
Maruti Suzuki,Eeco 7 STR,Kolkata,417243
Maruti Suzuki,Eeco 7 STR,Mumbai,419176
Maruti Suzuki,Eeco 7 STR,Delhi,371862
Maruti Suzuki,Celerio LXi,Bangalore,490029
Maruti Suzuki,Celerio LXi,Chennai,469758
Maruti Suzuki,Celerio LXi,Hyderabad,479125
Maruti Suzuki,Celerio LXi,Kolkata,467404
Maruti Suzuki,Celerio LXi,Mumbai,480977
Maruti Suzuki,Celerio LXi,Delhi,436673
Maruti Suzuki,Celerio VXi,Bangalore,525010
Maruti Suzuki,Celerio VXi,Chennai,499190
Maruti Suzuki,Celerio VXi,Hyderabad,513708
Maruti Suzuki,Celerio VXi,Kolkata,499525
Maruti Suzuki,Celerio VXi,Mumbai,516375
Maruti Suzuki,Celerio VXi,Delhi,468885
Maruti Suzuki,Celerio ZXi,Bangalore,561060
Maruti Suzuki,Celerio ZXi,Chennai,533876
Maruti Suzuki,Celerio ZXi,Hyderabad,549010
Maruti Suzuki,Celerio ZXi,Kolkata,533329
Maruti Suzuki,Celerio ZXi,Mumbai,552109
Maruti Suzuki,Celerio ZXi,Delhi,501148
Maruti Suzuki,Celerio LDi,Chennai,559665
Maruti Suzuki,Celerio ZDi,Bangalore,661486
Maruti Suzuki,Celerio ZDi,Bangalore,661486
Maruti Suzuki,Celerio ZDi,Chennai,624426
Maruti Suzuki,Celerio ZDi,Bangalore,661486
Maruti Suzuki,Celerio ZDi,Chennai,624426
Maruti Suzuki,Celerio ZDi,Hyderabad,641337
Maruti Suzuki,Celerio ZDi,Kolkata,621999
Maruti Suzuki,Celerio ZDi,Mumbai,657391
Maruti Suzuki,Celerio ZDi,Delhi,591102
Maruti Suzuki,Wagon R 1.0 LXi,Bangalore,504170
Maruti Suzuki,Wagon R 1.0 LXi,Chennai,485050
Maruti Suzuki,Wagon R 1.0 LXi,Hyderabad,493546
Maruti Suzuki,Wagon R 1.0 LXi,Kolkata,480422
Maruti Suzuki,Wagon R 1.0 LXi,Mumbai,492357
Maruti Suzuki,Wagon R 1.0 LXi,Delhi,445702
Maruti Suzuki,Wagon R 1.0 VXi,Delhi,473237
Maruti Suzuki,Wagon R 1.0 VXi,Chennai,508205
Maruti Suzuki,Wagon R 1.0 VXi,Chennai,508205
Maruti Suzuki,Wagon R 1.0 VXi,Hyderabad,523019
Maruti Suzuki,Wagon R 1.0 VXi,Hyderabad,523019
Maruti Suzuki,Wagon R 1.0 VXi,Bangalore,534268
Maruti Suzuki,Wagon R 1.0 VXi,Chennai,508205
Maruti Suzuki,Wagon R 1.0 VXi,Hyderabad,523019
Maruti Suzuki,Wagon R 1.0 VXi,Kolkata,507950
Maruti Suzuki,Wagon R 1.0 VXi,Mumbai,522684
Maruti Suzuki,Wagon R 1.0 VXi,Delhi,473237
Maruti Suzuki,Wagon R 1.0 VXi AMT,Bangalore,587949
Maruti Suzuki,Wagon R 1.0 VXi AMT,Chennai,562997
Maruti Suzuki,Wagon R 1.0 VXi AMT,Hyderabad,577895
Maruti Suzuki,Wagon R 1.0 VXi AMT,Kolkata,561489
Maruti Suzuki,Wagon R 1.0 VXi AMT,Mumbai,579040
Maruti Suzuki,Wagon R 1.0 VXi AMT,Delhi,524227
Maruti Suzuki,Ritz Lxi BS-IV,Bangalore,530306
Maruti Suzuki,Ritz Lxi BS-IV,Chennai,521238
Maruti Suzuki,Ritz Lxi BS-IV,Hyderabad,518370
Maruti Suzuki,Ritz Lxi BS-IV,Kolkata,503975
Maruti Suzuki,Ritz Lxi BS-IV,Mumbai,522627
Maruti Suzuki,Ritz Lxi BS-IV,Delhi,467221
Maruti Suzuki,Ritz Vxi BS-IV,Bangalore,588178
Maruti Suzuki,Ritz Vxi BS-IV,Chennai,584667
Maruti Suzuki,Ritz Vxi BS-IV,Hyderabad,582481
Maruti Suzuki,Ritz Vxi BS-IV,Kolkata,567075
Maruti Suzuki,Ritz Vxi BS-IV,Mumbai,587163
Maruti Suzuki,Ritz Vxi BS-IV,Delhi,529879
Maruti Suzuki,Ritz Zxi BS-IV,Bangalore,679212
Maruti Suzuki,Ritz Zxi BS-IV,Chennai,651531
Maruti Suzuki,Ritz Zxi BS-IV,Hyderabad,655293
Maruti Suzuki,Ritz Zxi BS-IV,Kolkata,637036
Maruti Suzuki,Ritz Zxi BS-IV,Mumbai,662224
Maruti Suzuki,Ritz Zxi BS-IV,Delhi,594584
Maruti Suzuki,Ritz Ldi BS-IV,Chennai,660349
Maruti Suzuki,Ritz Ldi BS-IV,Hyderabad,656423
Maruti Suzuki,Ritz Ldi BS-IV,Kolkata,652249
Maruti Suzuki,Ritz Ldi BS-IV,Mumbai,668723
Maruti Suzuki,Ritz Ldi BS-IV,Delhi,601328
Maruti Suzuki,Ritz Vdi BS-IV,Bangalore,716676
Maruti Suzuki,Ritz Vdi BS-IV,Chennai,716249
Maruti Suzuki,Ritz Vdi BS-IV,Hyderabad,712877
Maruti Suzuki,Ritz Vdi BS-IV,Kolkata,691643
Maruti Suzuki,Ritz Vdi BS-IV,Mumbai,726239
Maruti Suzuki,Ritz Vdi BS-IV,Delhi,653030
Maruti Suzuki,Ritz Zdi BS-IV,Bangalore,808324
Maruti Suzuki,Ritz Zdi BS-IV,Chennai,786016
Maruti Suzuki,Ritz Zdi BS-IV,Hyderabad,783222
Maruti Suzuki,Ritz Zdi BS-IV,Kolkata,759054
Maruti Suzuki,Ritz Zdi BS-IV,Mumbai,805587
Maruti Suzuki,Ritz Zdi BS-IV,Delhi,742863
Maruti Suzuki,Swift LXi,Bangalore,585346
Maruti Suzuki,Swift LXi,Chennai,555293
Maruti Suzuki,Swift LXi,Hyderabad,572550
Maruti Suzuki,Swift LXi,Kolkata,549321
Maruti Suzuki,Swift LXi,Mumbai,557994
Maruti Suzuki,Swift LXi,Delhi,524417
Maruti Suzuki,Swift VXi,Bangalore,666434
Maruti Suzuki,Swift VXi,Chennai,633466
Maruti Suzuki,Swift VXi,Hyderabad,645723
Maruti Suzuki,Swift VXi,Kolkata,625960
Maruti Suzuki,Swift VXi,Mumbai,647563
Maruti Suzuki,Swift VXi,Delhi,596756
Maruti Suzuki,Swift LDi,Bangalore,725099
Maruti Suzuki,Swift LDi,Chennai,698411
Maruti Suzuki,Swift LDi,Hyderabad,711991
Maruti Suzuki,Swift LDi,Kolkata,686580
Maruti Suzuki,Swift LDi,Mumbai,724154
Maruti Suzuki,Swift LDi,Delhi,651660
Maruti Suzuki,Swift ZXi,Bangalore,777507
Maruti Suzuki,Swift ZXi,Chennai,739533
Maruti Suzuki,Swift ZXi,Hyderabad,753469
Maruti Suzuki,Swift ZXi,Kolkata,729314
Maruti Suzuki,Swift ZXi,Mumbai,756608
Maruti Suzuki,Swift ZXi,Delhi,705926
Maruti Suzuki,Swift VDi,Bangalore,801898
Maruti Suzuki,Swift VDi,Chennai,768731
Maruti Suzuki,Swift VDi,Hyderabad,783695
Maruti Suzuki,Swift VDi,Kolkata,755022
Maruti Suzuki,Swift VDi,Mumbai,797010
Maruti Suzuki,Swift VDi,Delhi,727498
Maruti Suzuki,Swift ZDi,Bangalore,906548
Maruti Suzuki,Swift ZDi,Chennai,864811
Maruti Suzuki,Swift ZDi,Hyderabad,881477
Maruti Suzuki,Swift ZDi,Kolkata,848861
Maruti Suzuki,Swift ZDi,Mumbai,897893
Maruti Suzuki,Swift ZDi,Delhi,838743
Maruti Suzuki,Swift Dzire LXI,Bangalore,635040
Maruti Suzuki,Swift Dzire LXI,Chennai,610538
Maruti Suzuki,Swift Dzire LXI,Hyderabad,612331
Maruti Suzuki,Swift Dzire LXI,Kolkata,606538
Maruti Suzuki,Swift Dzire LXI,Mumbai,628663
Maruti Suzuki,Swift Dzire LXI,Delhi,581595
Maruti Suzuki,Swift Dzire VXI,Bangalore,725769
Maruti Suzuki,Swift Dzire VXI,Chennai,685621
Maruti Suzuki,Swift Dzire VXI,Hyderabad,698290
Maruti Suzuki,Swift Dzire VXI,Kolkata,689098
Maruti Suzuki,Swift Dzire VXI,Mumbai,712953
Maruti Suzuki,Swift Dzire VXI,Delhi,646164
Maruti Suzuki,Swift Dzire LDI,Bangalore,792740
Maruti Suzuki,Swift Dzire LDI,Chennai,750958
Maruti Suzuki,Swift Dzire LDI,Hyderabad,765696
Maruti Suzuki,Swift Dzire LDI,Mumbai,794919
Maruti Suzuki,Swift Dzire LDI,Delhi,693505
Maruti Suzuki,Swift Dzire ZXI,Bangalore,839805
Maruti Suzuki,Swift Dzire ZXI,Chennai,796355
Maruti Suzuki,Swift Dzire ZXI,Hyderabad,810990
Maruti Suzuki,Swift Dzire ZXI,Kolkata,797309
Maruti Suzuki,Swift Dzire ZXI,Mumbai,824311
Maruti Suzuki,Swift Dzire ZXI,Delhi,777599
Maruti Suzuki,Swift Dzire VDI,Bangalore,852343
Maruti Suzuki,Swift Dzire VDI,Chennai,805724
Maruti Suzuki,Swift Dzire VDI,Hyderabad,821433
Maruti Suzuki,Swift Dzire VDI,Kolkata,806567
Maruti Suzuki,Swift Dzire VDI,Mumbai,849600
Maruti Suzuki,Swift Dzire VDI,Delhi,797798
Maruti Suzuki,Swift Dzire ZDI,Bangalore,968142
Maruti Suzuki,Swift Dzire ZDI,Chennai,918166
Maruti Suzuki,Swift Dzire ZDI,Hyderabad,935872
Maruti Suzuki,Swift Dzire ZDI,Kolkata,916400
Maruti Suzuki,Swift Dzire ZDI,Mumbai,962873
Maruti Suzuki,Swift Dzire ZDI,Delhi,906809
Maruti Suzuki,Baleno Sigma 1.2,Bangalore,647698
Maruti Suzuki,Baleno Sigma 1.2,Chennai,634578
Maruti Suzuki,Baleno Sigma 1.2,Hyderabad,627460
Maruti Suzuki,Baleno Sigma 1.2,Kolkata,607680
Maruti Suzuki,Baleno Sigma 1.2,Mumbai,624432
Maruti Suzuki,Baleno Sigma 1.2,Delhi,565062
Maruti Suzuki,Baleno Delta 1.2,Bangalore,726604
Maruti Suzuki,Baleno Delta 1.2,Chennai,710795
Maruti Suzuki,Baleno Delta 1.2,Hyderabad,703958
Maruti Suzuki,Baleno Delta 1.2,Kolkata,680914
Maruti Suzuki,Baleno Delta 1.2,Mumbai,701228
Maruti Suzuki,Baleno Delta 1.2,Delhi,635038
Maruti Suzuki,Baleno Alpha 1.2,Bangalore,884621
Maruti Suzuki,Baleno Alpha 1.2,Chennai,863420
Maruti Suzuki,Baleno Alpha 1.2,Hyderabad,857159
Maruti Suzuki,Baleno Alpha 1.2,Kolkata,827785
Maruti Suzuki,Baleno Alpha 1.2,Mumbai,856120
Maruti Suzuki,Baleno Alpha 1.2,Delhi,796823
Maruti Suzuki,Baleno Delta 1.3,Bangalore,862015
Maruti Suzuki,Baleno Delta 1.3,Chennai,843675
Maruti Suzuki,Baleno Delta 1.3,Hyderabad,835310
Maruti Suzuki,Baleno Delta 1.3,Kolkata,806597
Maruti Suzuki,Baleno Delta 1.3,Mumbai,848817
Maruti Suzuki,Baleno Delta 1.3,Delhi,788704
Maruti Suzuki,Baleno Alpha 1.3,Bangalore,1022017
Maruti Suzuki,Baleno Alpha 1.3,Chennai,998931
Maruti Suzuki,Baleno Alpha 1.3,Hyderabad,990443
Maruti Suzuki,Baleno Alpha 1.3,Kolkata,955271
Maruti Suzuki,Baleno Alpha 1.3,Mumbai,1008511
Maruti Suzuki,Baleno Alpha 1.3,Delhi,936942
Maruti Suzuki,Ertiga LXI,Bangalore,797101
Maruti Suzuki,Ertiga LXI,Chennai,778589
Maruti Suzuki,Ertiga LXI,Hyderabad,768852
Maruti Suzuki,Ertiga LXI,Kolkata,743022
Maruti Suzuki,Ertiga LXI,Mumbai,764811
Maruti Suzuki,Ertiga LXI,Delhi,685013
Maruti Suzuki,Ertiga VXI,Bangalore,934027
Maruti Suzuki,Ertiga VXI,Chennai,894097
Maruti Suzuki,Ertiga VXI,Hyderabad,901675
Maruti Suzuki,Ertiga VXI,Kolkata,870848
Maruti Suzuki,Ertiga VXI,Mumbai,899455
Maruti Suzuki,Ertiga VXI,Delhi,831332
Maruti Suzuki,Ertiga ZXI,Chennai,964793
Maruti Suzuki,Ertiga ZXI,Hyderabad,973629
Maruti Suzuki,Ertiga ZXI,Kolkata,939930
Maruti Suzuki,Ertiga ZXI,Mumbai,968193
Maruti Suzuki,Ertiga ZXI,Delhi,898396
Maruti Suzuki,Ertiga ZDI + SHVS,Bangalore,1159033
Maruti Suzuki,Ertiga ZDI + SHVS,Chennai,1108680
Maruti Suzuki,Ertiga ZDI + SHVS,Hyderabad,1119088
Maruti Suzuki,Ertiga ZDI + SHVS,Kolkata,1090233
Maruti Suzuki,Ertiga ZDI + SHVS,Mumbai,1137924
Maruti Suzuki,Ertiga ZDI + SHVS,Delhi,978135
Maruti Suzuki,Ertiga VDI SHVS,Bangalore,1039877
Maruti Suzuki,Ertiga VDI SHVS,Chennai,995109
Maruti Suzuki,Ertiga VDI SHVS,Hyderabad,1003501
Maruti Suzuki,Ertiga VDI SHVS,Kolkata,969233
Maruti Suzuki,Ertiga VDI SHVS,Mumbai,1022399
Maruti Suzuki,Ertiga VDI SHVS,Delhi,875148
Maruti Suzuki,Vitara Brezza LDi,Bangalore,876270
Maruti Suzuki,Vitara Brezza LDi,Chennai,840199
Maruti Suzuki,Vitara Brezza LDi,Hyderabad,855262
Maruti Suzuki,Vitara Brezza LDi,Kolkata,829145
Maruti Suzuki,Vitara Brezza LDi,Mumbai,871757
Maruti Suzuki,Vitara Brezza LDi,Delhi,808291
Maruti Suzuki,Vitara Brezza VDi,Bangalore,961669
Maruti Suzuki,Vitara Brezza VDi,Chennai,918500
Maruti Suzuki,Vitara Brezza VDi,Hyderabad,935092
Maruti Suzuki,Vitara Brezza VDi,Kolkata,905580
Maruti Suzuki,Vitara Brezza VDi,Mumbai,952287
Maruti Suzuki,Vitara Brezza VDi,Delhi,869556
Maruti Suzuki,Vitara Brezza ZDi,Bangalore,1058436
Maruti Suzuki,Vitara Brezza ZDi,Chennai,1006769
Maruti Suzuki,Vitara Brezza ZDi,Hyderabad,1024928
Maruti Suzuki,Vitara Brezza ZDi,Kolkata,992061
Maruti Suzuki,Vitara Brezza ZDi,Mumbai,1044900
Maruti Suzuki,Vitara Brezza ZDi,Delhi,973154
Maruti Suzuki,Vitara Brezza ZDi Plus,Bangalore,1176819
Maruti Suzuki,Vitara Brezza ZDi Plus,Chennai,1120270
Maruti Suzuki,Vitara Brezza ZDi Plus,Hyderabad,1140445
Maruti Suzuki,Vitara Brezza ZDi Plus,Kolkata,1113402
Maruti Suzuki,Vitara Brezza ZDi Plus,Mumbai,1184441
Maruti Suzuki,Vitara Brezza ZDi Plus,Delhi,1083435
Maruti Suzuki,Ciaz VXi,Bangalore,936827
Maruti Suzuki,Ciaz VXi,Chennai,896941
Maruti Suzuki,Ciaz VXi,Hyderabad,907218
Maruti Suzuki,Ciaz VXi,Kolkata,879252
Maruti Suzuki,Ciaz VXi,Mumbai,906039
Maruti Suzuki,Ciaz VXi,Delhi,831694
Maruti Suzuki,Ciaz ZXi,Bangalore,1087415
Maruti Suzuki,Ciaz ZXi,Chennai,1040729
Maruti Suzuki,Ciaz ZXi,Hyderabad,1052283
Maruti Suzuki,Ciaz ZXi,Kolkata,1018428
Maruti Suzuki,Ciaz ZXi,Mumbai,1048348
Maruti Suzuki,Ciaz ZXi,Delhi,967992
Maruti Suzuki,Ciaz ZXi AT,Bangalore,1258819
Maruti Suzuki,Ciaz ZXi AT,Chennai,1216403
Maruti Suzuki,Ciaz ZXi AT,Hyderabad,1219207
Maruti Suzuki,Ciaz ZXi AT,Kolkata,1159559
Maruti Suzuki,Ciaz ZXi AT,Mumbai,1164063
Maruti Suzuki,Ciaz ZXi AT,Delhi,1095647
Maruti Suzuki,S-Cross Sigma 1.3,Bangalore,1000960
Maruti Suzuki,S-Cross Sigma 1.3,Chennai,977165
Maruti Suzuki,S-Cross Sigma 1.3,Hyderabad,969883
Maruti Suzuki,S-Cross Sigma 1.3,Kolkata,936406
Maruti Suzuki,S-Cross Sigma 1.3,Mumbai,982793
Maruti Suzuki,S-Cross Delta 1.3,Bangalore,1087209
Maruti Suzuki,S-Cross Delta 1.3,Chennai,1060197
Maruti Suzuki,S-Cross Delta 1.3,Hyderabad,1053591
Maruti Suzuki,S-Cross Delta 1.3,Kolkata,1018118
Maruti Suzuki,S-Cross Delta 1.3,Mumbai,1067825
Maruti Suzuki,S-Cross Delta 1.3,Delhi,980352
Maruti Suzuki,S-Cross Alpha 1.3,Bangalore,1358446
Maruti Suzuki,S-Cross Alpha 1.3,Chennai,1352829
Maruti Suzuki,S-Cross Alpha 1.3,Hyderabad,1316033
Maruti Suzuki,S-Cross Alpha 1.3,Kolkata,1237024
Maruti Suzuki,S-Cross Alpha 1.3,Mumbai,1313507
Maruti Suzuki,S-Cross Alpha 1.3,Delhi,1237660
Maruti Suzuki,S-Cross Delta 1.6,Bangalore,1314910
Maruti Suzuki,S-Cross Delta 1.6,Chennai,1296328
Maruti Suzuki,S-Cross Delta 1.6,Hyderabad,1276764
Maruti Suzuki,S-Cross Delta 1.6,Kolkata,1198750
Maruti Suzuki,S-Cross Delta 1.6,Mumbai,1285543
Maruti Suzuki,S-Cross Delta 1.6,Delhi,1200536
Maruti Suzuki,S-Cross Alpha 1.6,Bangalore,1543835
Maruti Suzuki,S-Cross Alpha 1.6,Chennai,1535634
Maruti Suzuki,S-Cross Alpha 1.6,Hyderabad,1482034
Maruti Suzuki,S-Cross Alpha 1.6,Kolkata,1406399
Maruti Suzuki,S-Cross Alpha 1.6,Mumbai,1495782
Maruti Suzuki,S-Cross Alpha 1.6,Delhi,1410765
Mercedes-Benz,A-Class A 180,Bangalore,3560348
Mercedes-Benz,A-Class A 180,Chennai,3447350
Mercedes-Benz,A-Class A 180,Hyderabad,3378177
Mercedes-Benz,A-Class A 180,Kolkata,3143626
Mercedes-Benz,A-Class A 180,Mumbai,3619823
Mercedes-Benz,A-Class A 200d,Bangalore,3688648
Mercedes-Benz,A-Class A 200d,Chennai,3570740
Mercedes-Benz,A-Class A 200d,Hyderabad,3499605
Mercedes-Benz,A-Class A 200d,Kolkata,3256915
Mercedes-Benz,A-Class A 200d,Mumbai,3752543
Mercedes-Benz,A-Class A 200d,Delhi,3414500
Mercedes-Benz,B-Class B 180 Sport,Bangalore,3816951
Mercedes-Benz,B-Class B 180 Sport,Chennai,3694129
Mercedes-Benz,B-Class B 180 Sport,Hyderabad,3621024
Mercedes-Benz,B-Class B 180 Sport,Kolkata,3370201
Mercedes-Benz,B-Class B 180 Sport,Mumbai,3797576
Mercedes-Benz,B-Class B 180 Sport,Delhi,3441782
Mercedes-Benz,B-Class B 200 CDI,Bangalore,3945250
Mercedes-Benz,B-Class B 200 CDI,Chennai,3817517
Mercedes-Benz,B-Class B 200 CDI,Hyderabad,3742451
Mercedes-Benz,B-Class B 200 CDI,Kolkata,3483491
Mercedes-Benz,B-Class B 200 CDI,Mumbai,3930294
Mercedes-Benz,B-Class B 200 CDI,Delhi,3653604
Mercedes-Benz,CLA 200 CDI Style,Bangalore,4093956
Mercedes-Benz,CLA 200 CDI Style,Chennai,3960530
Mercedes-Benz,CLA 200 CDI Style,Hyderabad,3883196
Mercedes-Benz,CLA 200 CDI Style,Kolkata,3629821
Mercedes-Benz,CLA 200 CDI Style,Mumbai,3964445
Mercedes-Benz,CLA 200 CDI Style,Delhi,3792088
Mercedes-Benz,CLA 200 CDI Sport,Bangalore,4516729
Mercedes-Benz,CLA 200 CDI Sport,Chennai,4367119
Mercedes-Benz,CLA 200 CDI Sport,Hyderabad,4283317
Mercedes-Benz,CLA 200 CDI Sport,Kolkata,4115911
Mercedes-Benz,CLA 200 CDI Sport,Mumbai,4369117
Mercedes-Benz,CLA 200 CDI Sport,Delhi,4186050
Mercedes-Benz,GLA 200 CDI Style,Bangalore,4252493
Mercedes-Benz,GLA 200 CDI Style,Chennai,4113000
Mercedes-Benz,GLA 200 CDI Style,Hyderabad,4033244
Mercedes-Benz,GLA 200 CDI Style,Kolkata,3769809
Mercedes-Benz,GLA 200 CDI Style,Mumbai,4116197
Mercedes-Benz,GLA 200 CDI Style,Delhi,3939658
Mercedes-Benz,GLA 200 CDI Sport,Bangalore,4648396
Mercedes-Benz,GLA 200 CDI Sport,Chennai,4494178
Mercedes-Benz,GLA 200 CDI Sport,Hyderabad,4408354
Mercedes-Benz,GLA 200 CDI Sport,Kolkata,4229199
Mercedes-Benz,GLA 200 CDI Sport,Mumbai,4495576
Mercedes-Benz,GLA 200 CDI Sport,Delhi,4308986
Mercedes-Benz,C-Class C 220 CDI Style,Bangalore,5121870
Mercedes-Benz,C-Class C 220 CDI Style,Chennai,4950572
Mercedes-Benz,C-Class C 220 CDI Style,Hyderabad,4857496
Mercedes-Benz,C-Class C 220 CDI Style,Kolkata,4553519
Mercedes-Benz,C-Class C 220 CDI Style,Mumbai,4979218
Mercedes-Benz,C-Class C 220 CDI Style,Delhi,4577352
Mercedes-Benz,C-Class C 250 d,Bangalore,5836046
Mercedes-Benz,C-Class C 250 d,Chennai,5637516
Mercedes-Benz,C-Class C 250 d,Hyderabad,5533511
Mercedes-Benz,C-Class C 250 d,Kolkata,5184187
Mercedes-Benz,C-Class C 250 d,Mumbai,5998787
Mercedes-Benz,C-Class C 250 d,Delhi,5416997
Mercedes-Benz,E-Class E 200,Bangalore,6449301
Mercedes-Benz,E-Class E 200,Chennai,6018548
Mercedes-Benz,E-Class E 200,Hyderabad,5899786
Mercedes-Benz,E-Class E 200,Kolkata,5838741
Mercedes-Benz,E-Class E 200,Mumbai,6108815
Mercedes-Benz,E-Class E 350 CDI Edition E,Bangalore,8199486
Mercedes-Benz,E-Class E 350 CDI Edition E,Chennai,7904083
Mercedes-Benz,E-Class E 350 CDI Edition E,Hyderabad,7764048
Mercedes-Benz,E-Class E 350 CDI Edition E,Kolkata,7215411
Mercedes-Benz,E-Class E 350 CDI Edition E,Mumbai,7890443
Mercedes-Benz,E-Class E 350 CDI Edition E,Delhi,7612863
Mercedes-Benz,GLC 220 d,Bangalore,6660992
Mercedes-Benz,GLC 220 d,Chennai,6864361
Mercedes-Benz,GLC 220 d,Hyderabad,6263507
Mercedes-Benz,GLC 220 d,Kolkata,6373194
Mercedes-Benz,GLC 220 d,Mumbai,6851453
Mercedes-Benz,GLC 220 d,Delhi,6169955
Mercedes-Benz,GLC 300,Bangalore,6712313
Mercedes-Benz,GLC 300,Chennai,6888983
Mercedes-Benz,GLC 300,Hyderabad,6312078
Mercedes-Benz,GLC 300,Kolkata,6395848
Mercedes-Benz,GLC 300,Mumbai,6877996
Mercedes-Benz,GLC 300,Delhi,6055588
Mercedes-Benz,GLE 250 d,Bangalore,7995323
Mercedes-Benz,GLE 250 d,Chennai,7703120
Mercedes-Benz,GLE 250 d,Hyderabad,7561354
Mercedes-Benz,GLE 250 d,Kolkata,7090986
Mercedes-Benz,GLE 250 d,Mumbai,7726175
Mitsubishi,Pajero Sport 2.5 AT,Bangalore,3476047
Mitsubishi,Pajero Sport 2.5 AT,Chennai,3370215
Mitsubishi,Pajero Sport 2.5 AT,Hyderabad,3427070
Mitsubishi,Pajero Sport 2.5 AT,Kolkata,3082000
Mitsubishi,Pajero Sport 2.5 AT,Mumbai,3462654
Mitsubishi,Pajero Sport 2.5 AT,Delhi,3198432
Mitsubishi,Pajero Sport 2.5 MT,Bangalore,3526820
Mitsubishi,Pajero Sport 2.5 MT,Chennai,3418290
Mitsubishi,Pajero Sport 2.5 MT,Hyderabad,3476009
Mitsubishi,Pajero Sport 2.5 MT,Kolkata,3127730
Mitsubishi,Pajero Sport 2.5 MT,Mumbai,3513314
Mitsubishi,Pajero Sport 2.5 MT,Delhi,3245301
Nissan,Micra XL CVT,Bangalore,735001
Nissan,Micra XL CVT,Chennai,688375
Nissan,Micra XL CVT,Hyderabad,716980
Nissan,Micra XL CVT,Kolkata,683822
Nissan,Micra XL CVT,Mumbai,747309
Nissan,Micra XL CVT,Delhi,685907
Nissan,Micra XV CVT,Bangalore,833532
Nissan,Micra XV CVT,Chennai,779972
Nissan,Micra XV CVT,Hyderabad,812577
Nissan,Micra XV CVT,Kolkata,774911
Nissan,Micra XV CVT,Mumbai,843832
Nissan,Micra XV CVT,Delhi,776220
Nissan,Micra XL Diesel,Bangalore,795415
Nissan,Micra XL Diesel,Chennai,744534
Nissan,Micra XL Diesel,Hyderabad,775590
Nissan,Micra XL Diesel,Kolkata,739669
Nissan,Micra XL Diesel,Mumbai,823021
Nissan,Micra XL Diesel,Delhi,752634
Nissan,Sunny XE,Bangalore,970157
Nissan,Sunny XE,Chennai,905181
Nissan,Sunny XE,Hyderabad,943199
Nissan,Sunny XE,Kolkata,905917
Nissan,Sunny XE,Mumbai,977797
Nissan,Sunny XE,Delhi,908284
Nissan,Sunny XL,Bangalore,1029362
Nissan,Sunny XL,Chennai,960222
Nissan,Sunny XL,Hyderabad,1000643
Nissan,Sunny XL,Kolkata,960655
Nissan,Sunny XL,Mumbai,1035899
Nissan,Sunny XL,Delhi,962553
Nissan,Sunny XV D,Bangalore,1193674
Nissan,Sunny XV D,Chennai,1132523
Nissan,Sunny XV D,Hyderabad,1160071
Nissan,Sunny XV D,Kolkata,1142273
Nissan,Sunny XV D,Mumbai,1209962
Nissan,Sunny XV D,Delhi,1149922
Nissan,Sunny XV CVT,Bangalore,1379422
Nissan,Sunny XV CVT,Chennai,1306308
Nissan,Sunny XV CVT,Hyderabad,1326982
Nissan,Sunny XV CVT,Kolkata,1251164
Nissan,Sunny XV CVT,Mumbai,1355298
Nissan,Sunny XV CVT,Delhi,1310612
Nissan,Terrano XE (D),Bangalore,1200825
Nissan,Terrano XE (D),Chennai,1139291
Nissan,Terrano XE (D),Hyderabad,1171006
Nissan,Terrano XE (D),Kolkata,1142453
Nissan,Terrano XE (D),Mumbai,1220607
Nissan,Terrano XE (D),Delhi,1151922
Nissan,Terrano XVD Premium AMT,Bangalore,1746433
Nissan,Terrano XVD Premium AMT,Chennai,1653146
Nissan,Terrano XVD Premium AMT,Hyderabad,1682279
Nissan,Terrano XVD Premium AMT,Kolkata,1574183
Nissan,Terrano XVD Premium AMT,Mumbai,1704909
Nissan,Terrano XVD Premium AMT,Delhi,1634664
Renault,Kwid STD,Bangalore,339672
Renault,Kwid STD,Chennai,332745
Renault,Kwid STD,Hyderabad,331947
Renault,Kwid STD,Kolkata,327820
Renault,Kwid STD,Mumbai,351364
Renault,Kwid STD,Delhi,299986
Renault,Kwid RXE,Bangalore,383758
Renault,Kwid RXE,Chennai,375473
Renault,Kwid RXE,Hyderabad,375207
Renault,Kwid RXE,Kolkata,367837
Renault,Kwid RXE,Mumbai,394295
Renault,Kwid RXE,Delhi,335585
Renault,Kwid RXT,Bangalore,452667
Renault,Kwid RXT,Chennai,441722
Renault,Kwid RXT,Hyderabad,442565
Renault,Kwid RXT,Kolkata,432581
Renault,Kwid RXT,Mumbai,461550
Renault,Kwid RXT,Mumbai,461550
Renault,Kwid 1.0 RXT,Bangalore,478593
Renault,Kwid 1.0 RXT,Chennai,467320
Renault,Kwid 1.0 RXT,Hyderabad,468203
Renault,Kwid 1.0 RXT,Kolkata,456987
Renault,Kwid 1.0 RXT,Mumbai,487763
Renault,Kwid 1.0 RXT,Delhi,487763
Renault,Kwid 1.0 RXT AMT,Bangalore,527707
Renault,Kwid 1.0 RXT AMT,Chennai,503579
Renault,Kwid 1.0 RXT AMT,Hyderabad,516360
Renault,Kwid 1.0 RXT AMT,Kolkata,492869
Renault,Kwid 1.0 RXT AMT,Mumbai,527168
Renault,Kwid 1.0 RXT AMT,Delhi,467331
Renault,Pulse RxL Petrol,Bangalore,614191
Renault,Pulse RxL Petrol,Chennai,605306
Renault,Pulse RxL Petrol,Hyderabad,590033
Renault,Pulse RxL Petrol,Kolkata,594795
Renault,Pulse RxL Petrol,Mumbai,614645
Renault,Pulse RxL Petrol,Delhi,552297
Renault,Pulse RxZ Diesel,Bangalore,840488
Renault,Pulse RxZ Diesel,Chennai,823836
Renault,Pulse RxZ Diesel,Hyderabad,809822
Renault,Pulse RxZ Diesel,Kolkata,805989
Renault,Pulse RxZ Diesel,Mumbai,852662
Renault,Pulse RxZ Diesel,Delhi,785711
Renault,Scala RxL Petrol,Bangalore,959409
Renault,Scala RxL Petrol,Chennai,919608
Renault,Scala RxL Petrol,Hyderabad,925317
Renault,Scala RxL Petrol,Kolkata,918591
Renault,Scala RxL Petrol,Mumbai,954255
Renault,Scala RxL Petrol,Delhi,890746
Renault,Scala RxL Diesel,Bangalore,1086710
Renault,Scala RxL Diesel,Chennai,1041591
Renault,Scala RxL Diesel,Hyderabad,1032052
Renault,Scala RxL Diesel,Kolkata,1036696
Renault,Scala RxL Diesel,Mumbai,1098674
Renault,Scala RxL Diesel,Delhi,1021443
Renault,Scala RxZ Diesel,Bangalore,1135577
Renault,Scala RxZ Diesel,Chennai,1088667
Renault,Scala RxZ Diesel,Hyderabad,1096521
Renault,Scala RxZ Diesel,Kolkata,1082353
Renault,Scala RxZ Diesel,Mumbai,1147645
Renault,Scala RxZ Diesel,Delhi,1066274
Renault,Lodgy 85 PS STD,Bangalore,962500
Renault,Lodgy 85 PS STD,Chennai,944867
Renault,Lodgy 85 PS STD,Hyderabad,926536
Renault,Lodgy 85 PS STD,Kolkata,877931
Renault,Lodgy 85 PS STD,Mumbai,989582
Renault,Lodgy 85 PS STD,Delhi,857979
Renault,Lodgy 85 PS RXL,Bangalore,1182884
Renault,Lodgy 85 PS RXL,Chennai,1156014
Renault,Lodgy 85 PS RXL,Hyderabad,1138851
Renault,Lodgy 85 PS RXL,Kolkata,1082589
Renault,Lodgy 85 PS RXL,Mumbai,1297979
Renault,Lodgy 85 PS RXL,Delhi,1063123
Renault,Lodgy 110 PS World Edition,Bangalore,1344043
Renault,Lodgy 110 PS World Edition,Chennai,1330647
Renault,Lodgy 110 PS World Edition,Hyderabad,1287615
Renault,Lodgy 110 PS World Edition,Kolkata,1198036
Renault,Lodgy 110 PS World Edition,Mumbai,1353902
Renault,Lodgy 110 PS World Edition,Delhi,1219005
Renault,Duster RxE Petrol,Bangalore,1053245
Renault,Duster RxE Petrol,Chennai,1015027
Renault,Duster RxE Petrol,Hyderabad,1022596
Renault,Duster RxE Petrol,Kolkata,982164
Renault,Duster RxE Petrol,Mumbai,1074635
Renault,Duster RxE Petrol,Delhi,964791
Renault,Duster RXL Petrol,Bangalore,1149446
Renault,Duster RXL Petrol,Chennai,1106762
Renault,Duster RXL Petrol,Hyderabad,1115806
Renault,Duster RXL Petrol,Kolkata,1070269
Renault,Duster RXL Petrol,Mumbai,1191415
Renault,Duster RXL Petrol,Delhi,1053301
Renault,Duster 85 PS RXS 4X2 MT,Bangalore,1377121
Renault,Duster 85 PS RXS 4X2 MT,Chennai,1350057
Renault,Duster 85 PS RXS 4X2 MT,Hyderabad,1319263
Renault,Duster 85 PS RXS 4X2 MT,Kolkata,1240205
Renault,Duster 85 PS RXS 4X2 MT,Mumbai,1392392
Renault,Duster 85 PS RXS 4X2 MT,Delhi,1294298
Renault,Duster 110 PS RXZ 4X4 MT,Bangalore,1719611
Renault,Duster 110 PS RXZ 4X4 MT,Chennai,1690430
Renault,Duster 110 PS RXZ 4X4 MT,Hyderabad,1653968
Renault,Duster 110 PS RXZ 4X4 MT,Kolkata,1550914
Renault,Duster 110 PS RXZ 4X4 MT,Mumbai,1741155
Renault,Duster 110 PS RXZ 4X4 MT,Delhi,1624764
Skoda,Rapid Active 1.6 MPI,Bangalore,1020007
Skoda,Rapid Active 1.6 MPI,Chennai,973345
Skoda,Rapid Active 1.6 MPI,Hyderabad,987740
Skoda,Rapid Active 1.6 MPI,Kolkata,942786
Skoda,Rapid Active 1.6 MPI,Mumbai,945349
Skoda,Rapid Active 1.6 MPI,Delhi,940129
Skoda,Rapid Ambition 1.6 MPI,Bangalore,1130514
Skoda,Rapid Ambition 1.6 MPI,Chennai,1078721
Skoda,Rapid Ambition 1.6 MPI,Kolkata,1044954
Skoda,Rapid Ambition 1.6 MPI,Mumbai,1046961
Skoda,Rapid Active 1.5 TDI,Chennai,1107674
Skoda,Rapid Active 1.5 TDI,Hyderabad,1123940
Skoda,Rapid Active 1.5 TDI,Kolkata,1072823
Skoda,Rapid Active 1.5 TDI,Mumbai,1093497
Skoda,Rapid Active 1.5 TDI,Delhi,1084996
Skoda,Rapid Style 1.6 MPI,Bangalore,1317456
Skoda,Rapid Style 1.6 MPI,Chennai,1276691
Skoda,Rapid Style 1.6 MPI,Hyderabad,1262121
Skoda,Rapid Style 1.6 MPI,Kolkata,1186199
Skoda,Rapid Style 1.6 MPI,Mumbai,1197526
Skoda,Rapid Style 1.6 MPI,Delhi,1211254
Skoda,Rapid Ambition 1.5 TDI AT,Chennai,1423954
Skoda,Rapid Ambition 1.5 TDI AT,Hyderabad,1407538
Skoda,Rapid Ambition 1.5 TDI AT,Kolkata,1322641
Skoda,Rapid Ambition 1.5 TDI AT,Mumbai,1357302
Skoda,Rapid Ambition 1.5 TDI AT,Delhi,1378586
Skoda,Rapid Style 1.5 TDI AT,Chennai,1553182
Skoda,Rapid Style 1.5 TDI AT,Hyderabad,1534908
Skoda,Rapid Style 1.5 TDI AT,Kolkata,1442679
Skoda,Rapid Style 1.5 TDI AT,Mumbai,1479977
Skoda,Octavia 1.4 TSI Ambition,Bangalore,2129293
Skoda,Octavia 1.4 TSI Ambition,Chennai,1916360
Skoda,Octavia 1.4 TSI Ambition,Hyderabad,2028620
Skoda,Octavia 1.4 TSI Ambition,Kolkata,1781652
Skoda,Octavia 1.4 TSI Ambition,Mumbai,2018788
Skoda,Octavia 1.4 TSI Ambition,Delhi,1941313
Skoda,Octavia 2.0 TDI CR Ambition,Bangalore,2368661
Skoda,Octavia 2.0 TDI CR Ambition,Chennai,2111618
Skoda,Octavia 2.0 TDI CR Ambition,Hyderabad,2256742
Skoda,Octavia 2.0 TDI CR Ambition,Kolkata,1963544
Skoda,Octavia 2.0 TDI CR Ambition,Mumbai,2293586
Skoda,Octavia 2.0 TDI CR Ambition,Delhi,2047224
Skoda,Octavia 1.8 TSI Style Plus AT,Bangalore,2693551
Skoda,Octavia 1.8 TSI Style Plus AT,Chennai,2600847
Skoda,Octavia 1.8 TSI Style Plus AT,Hyderabad,2563178
Skoda,Octavia 1.8 TSI Style Plus AT,Kolkata,2418098
Skoda,Octavia 1.8 TSI Style Plus AT,Mumbai,2582450
Skoda,Octavia 1.8 TSI Style Plus AT,Delhi,2441636
Skoda,Octavia 2.0 TDI CR Style Plus AT,Bangalore,2896195
Skoda,Octavia 2.0 TDI CR Style Plus AT,Chennai,2793304
Skoda,Octavia 2.0 TDI CR Style Plus AT,Hyderabad,2752659
Skoda,Octavia 2.0 TDI CR Style Plus AT,Kolkata,2596948
Skoda,Octavia 2.0 TDI CR Style Plus AT,Mumbai,2821511
Skoda,Octavia 2.0 TDI CR Style Plus AT,Delhi,2681433
Skoda,Yeti Style 4x4,Bangalore,2978431
Skoda,Yeti Style 4x4,Chennai,2860108
Skoda,Yeti Style 4x4,Hyderabad,2846348
Skoda,Yeti Style 4x4,Kolkata,2659799
Skoda,Yeti Style 4x4,Mumbai,2879613
Skoda,Yeti Style 4x4,Delhi,2762914
Skoda,Superb Style TSI MT,Bangalore,3163783
Skoda,Superb Style TSI MT,Chennai,3030657
Skoda,Superb Style TSI MT,Hyderabad,2986329
Skoda,Superb Style TSI MT,Kolkata,2817521
Skoda,Superb Style TSI MT,Mumbai,2930745
Skoda,Superb Style TSI MT,Delhi,2789152
Skoda,Superb Style TDI AT,Bangalore,3580363
Skoda,Superb Style TDI AT,Chennai,3523946
Skoda,Superb Style TDI AT,Hyderabad,3471981
Skoda,Superb Style TDI AT,Kolkata,3275943
Skoda,Superb Style TDI AT,Mumbai,3466347
Skoda,Superb Style TDI AT,Delhi,3402001
Tata,Nano XM,Bangalore,349786
Tata,Nano XM,Hyderabad,334080
Tata,Nano XM,Mumbai,324614
Tata,Nano XM,Delhi,306179
Tata,Nano GenX XE,Bangalore,281582
Tata,Nano GenX XE,Chennai,266832
Tata,Nano GenX XE,Hyderabad,274413
Tata,Nano GenX XE,Kolkata,272824
Tata,Nano GenX XE,Mumbai,276265
Tata,Nano GenX XE,Delhi,242059
Tata,Nano GenX XM,Bangalore,321044
Tata,Nano GenX XM,Chennai,305901
Tata,Nano GenX XM,Hyderabad,314172
Tata,Nano GenX XM,Kolkata,310356
Tata,Nano GenX XM,Mumbai,318860
Tata,Nano GenX XM,Delhi,280045
Tata,Nano GenX XT,Bangalore,343657
Tata,Nano GenX XT,Chennai,327632
Tata,Nano GenX XT,Hyderabad,334901
Tata,Nano GenX XT,Kolkata,331761
Tata,Nano GenX XT,Mumbai,342017
Tata,Nano GenX XT,Delhi,301711
Tata,Nano GenX XTA,Bangalore,388935
Tata,Nano GenX XTA,Chennai,372288
Tata,Nano GenX XTA,Hyderabad,381732
Tata,Nano GenX XTA,Kolkata,375604
Tata,Nano GenX XTA,Mumbai,391390
Tata,Nano GenX XTA,Delhi,346259
Tata,Tiago Revotron XB,Bangalore,395573
Tata,Tiago Revotron XB,Chennai,382137
Tata,Tiago Revotron XB,Hyderabad,388917
Tata,Tiago Revotorq XZ,Bangalore,701905
Tata,Tiago Revotorq XZ,Chennai,664628
Tata,Tiago Revotorq XZ,Hyderabad,682907
Tata,Tiago Revotorq XZ,Kolkata,657193
Tata,Tiago Revotorq XZ,Mumbai,689982
Tata,Tiago Revotorq XZ,Delhi,629497
Tata,Indica V2 LS,Bangalore,573424
Tata,Indica V2 LS,Chennai,576835
Tata,Indica V2 LS,Hyderabad,561831
Tata,Indica V2 LS,Kolkata,557083
Tata,Indica V2 LS,Mumbai,567917
Tata,Indica V2 LS,Delhi,524790
Tata,Indica V2 LX,Bangalore,624539
Tata,Indica V2 LX,Chennai,620524
Tata,Indica V2 LX,Hyderabad,607687
Tata,Indica V2 LX,Kolkata,599347
Tata,Indica V2 LX,Mumbai,612785
Tata,Indica V2 LX,Delhi,565730
Tata,Indigo eCS LS TDI BS-III,Bangalore,689601
Tata,Indigo eCS LS TDI BS-III,Chennai,664340
Tata,Indigo eCS LS TDI BS-III,Hyderabad,682458
Tata,Indigo eCS LS TDI BS-III,Kolkata,667341
Tata,Indigo eCS LS TDI BS-III,Mumbai,681723
Tata,Indigo eCS LS TDI BS-III,Delhi,631063
Tata,Indigo eCS VX CR4 BS-IV,Bangalore,760878
Tata,Indigo eCS VX CR4 BS-IV,Chennai,721632
Tata,Indigo eCS VX CR4 BS-IV,Hyderabad,752180
Tata,Indigo eCS VX CR4 BS-IV,Kolkata,733207
Tata,Indigo eCS VX CR4 BS-IV,Mumbai,746127
Tata,Indigo eCS VX CR4 BS-IV,Delhi,710949
Tata,Sumo Gold CX BS-III,Bangalore,818707
Tata,Sumo Gold CX BS-III,Chennai,784790
Tata,Sumo Gold CX BS-III,Hyderabad,792379
Tata,Sumo Gold CX BS-III,Kolkata,777835
Tata,Sumo Gold CX BS-III,Mumbai,797975
Tata,Sumo Gold CX BS-III,Delhi,763268
Tata,Sumo Gold GX BS-IV,Bangalore,1028573
Tata,Sumo Gold GX BS-IV,Chennai,987305
Tata,Sumo Gold GX BS-IV,Hyderabad,1008887
Tata,Sumo Gold GX BS-IV,Kolkata,976203
Tata,Sumo Gold GX BS-IV,Mumbai,1012271
Tata,Sumo Gold GX BS-IV,Delhi,975341
Tata,Safari 4x2 LX DICOR BS-IV,Bangalore,1158351
Tata,Safari 4x2 LX DICOR BS-IV,Chennai,1117698
Tata,Safari 4x2 LX DICOR BS-IV,Hyderabad,1140168
Tata,Safari 4x2 LX DICOR BS-IV,Kolkata,1091670
Tata,Safari 4x2 LX DICOR BS-IV,Mumbai,1151738
Tata,Safari 4x2 LX DICOR BS-IV,Delhi,1101885
Tata,Safari 4x2 EX DICOR BS-IV,Bangalore,1352100
Tata,Safari 4x2 EX DICOR BS-IV,Chennai,1326829
Tata,Safari 4x2 EX DICOR BS-IV,Hyderabad,1316674
Tata,Safari 4x2 EX DICOR BS-IV,Kolkata,1239374
Tata,Safari 4x2 EX DICOR BS-IV,Mumbai,1306542
Tata,Safari 4x2 EX DICOR BS-IV,Delhi,1294238
Tata,Safari Storme 2.2 EX 4X2,Bangalore,1538196
Tata,Safari Storme 2.2 EX 4X2,Chennai,1509156
Tata,Safari Storme 2.2 EX 4X2,Hyderabad,1498711
Tata,Safari Storme 2.2 EX 4X2,Kolkata,1408563
Tata,Safari Storme 2.2 EX 4X2,Mumbai,1489213
Tata,Safari Storme 2.2 EX 4X2,Delhi,1467903
Tata,Safari Storme 2.2 VX 4x4 Varicor400,Bangalore,1924613
Tata,Safari Storme 2.2 VX 4x4 Varicor400,Chennai,1888177
Tata,Safari Storme 2.2 VX 4x4 Varicor400,Hyderabad,1860413
Tata,Safari Storme 2.2 VX 4x4 Varicor400,Kolkata,1750550
Tata,Safari Storme 2.2 VX 4x4 Varicor400,Mumbai,1869817
Tata,Safari Storme 2.2 VX 4x4 Varicor400,Delhi,1814765
Tata,Aria Pure LX 4x2,Bangalore,1503559
Tata,Aria Pure LX 4x2,Chennai,1468480
Tata,Aria Pure LX 4x2,Hyderabad,1443150
Tata,Aria Pure LX 4x2,Kolkata,1356462
Tata,Aria Pure LX 4x2,Mumbai,1472221
Tata,Aria Pure LX 4x2,Delhi,1429025
Tata,Aria Pride 4x4,Bangalore,2177019
Tata,Aria Pride 4x4,Chennai,2131826
Tata,Aria Pride 4x4,Hyderabad,2086498
Tata,Aria Pride 4x4,Kolkata,1967293
Tata,Aria Pride 4x4,Mumbai,2136836
Tata,Aria Pride 4x4,Delhi,2048073
Toyota,Etios Liva V,Bangalore,704293
Toyota,Etios Liva V,Chennai,682050
Toyota,Etios Liva V,Hyderabad,699190
Toyota,Etios Liva V,Kolkata,660017
Toyota,Etios Liva V,Mumbai,707543
Toyota,Etios Liva V,Delhi,639504
Toyota,Etios Liva VD,Bangalore,858020
Toyota,Etios Liva VD,Chennai,830441
Toyota,Etios Liva VD,Hyderabad,849890
Toyota,Etios Liva VD,Kolkata,802556
Toyota,Etios Liva VD,Mumbai,876984
Toyota,Etios Liva VD,Delhi,806810
Toyota,Platinum Etios V,Bangalore,876838
Toyota,Platinum Etios V,Chennai,832620
Toyota,Platinum Etios V,Hyderabad,863090
Toyota,Platinum Etios V,Kolkata,829683
Toyota,Platinum Etios V,Mumbai,863599
Toyota,Platinum Etios V,Delhi,811895
Toyota,Platinum Etios VD,Bangalore,1010688
Toyota,Platinum Etios VD,Chennai,964018
Toyota,Platinum Etios VD,Hyderabad,994315
Toyota,Platinum Etios VD,Kolkata,956804
Toyota,Platinum Etios VD,Mumbai,1017799
Toyota,Platinum Etios VD,Delhi,952184
Toyota,Platinum Etios VXD,Bangalore,1077864
Toyota,Platinum Etios VXD,Chennai,1028458
Toyota,Platinum Etios VXD,Hyderabad,1060175
Toyota,Platinum Etios VXD,Kolkata,1019098
Toyota,Platinum Etios VXD,Mumbai,1095033
Toyota,Platinum Etios VXD,Delhi,1023459
Toyota,Innova Crysta 2.7 GX 7 STR,Bangalore,1738793
Toyota,Innova Crysta 2.7 GX 7 STR,Chennai,1695912
Toyota,Innova Crysta 2.7 GX 7 STR,Hyderabad,1661882
Toyota,Innova Crysta 2.7 GX 7 STR,Kolkata,1566440
Toyota,Innova Crysta 2.7 GX 7 STR,Mumbai,1687273
Toyota,Innova Crysta 2.7 GX 7 STR,Delhi,1594144
Toyota,Innova Crysta 2.4 VX 8 STR,Bangalore,2228461
Toyota,Innova Crysta 2.4 VX 8 STR,Chennai,2180217
Toyota,Innova Crysta 2.4 VX 8 STR,Hyderabad,2163419
Toyota,Innova Crysta 2.4 VX 8 STR,Kolkata,2009807
Toyota,Innova Crysta 2.4 VX 8 STR,Mumbai,2207563
Toyota,Innova Crysta 2.4 VX 8 STR,Delhi,2098143
Toyota,Innova Crysta 2.8 ZX AT 7 STR,Bangalore,2649042
Toyota,Innova Crysta 2.8 ZX AT 7 STR,Chennai,2563990
Toyota,Innova Crysta 2.8 ZX AT 7 STR,Hyderabad,2544045
Toyota,Innova Crysta 2.8 ZX AT 7 STR,Kolkata,2363204
Toyota,Innova Crysta 2.8 ZX AT 7 STR,Mumbai,2623015
Toyota,Innova Crysta 2.8 ZX AT 7 STR,Delhi,2473312
Toyota,Corolla Altis J,Bangalore,1855261
Toyota,Corolla Altis J,Chennai,1826861
Toyota,Corolla Altis J,Hyderabad,1806399
Toyota,Corolla Altis J,Kolkata,1707948
Toyota,Corolla Altis J,Mumbai,1851637
Toyota,Corolla Altis J,Delhi,1744613
Toyota,Corolla Altis G,Bangalore,2052872
Toyota,Corolla Altis G,Chennai,2019769
Toyota,Corolla Altis G,Hyderabad,1997319
Toyota,Corolla Altis G,Kolkata,1885531
Toyota,Corolla Altis G,Mumbai,2049129
Toyota,Corolla Altis GL,Bangalore,2194021
Toyota,Corolla Altis GL,Chennai,2157558
Toyota,Corolla Altis GL,Hyderabad,2133699
Toyota,Corolla Altis GL,Kolkata,2012373
Toyota,Corolla Altis GL,Mumbai,2190195
Toyota,Corolla Altis GL,Delhi,2067772
Toyota,Fortuner 2.7 4x2 MT,Bangalore,3289840
Toyota,Fortuner 2.7 4x2 MT,Chennai,3166449
Toyota,Fortuner 2.7 4x2 MT,Hyderabad,3137794
Toyota,Fortuner 2.7 4x2 MT,Kolkata,2963098
Toyota,Fortuner 2.7 4x2 MT,Mumbai,3039335
Toyota,Fortuner 2.7 4x2 MT,Delhi,2997736
Toyota,Fortuner 2.8 4x2 AT,Bangalore,3691496
Toyota,Fortuner 2.8 4x2 AT,Hyderabad,3520195
Toyota,Fortuner 2.8 4x2 AT,Kolkata,3318129
Toyota,Fortuner 2.8 4x2 AT,Mumbai,3470696
Toyota,Fortuner 2.8 4x2 AT,Delhi,3469248
Toyota,Fortuner 2.8 4x4 AT,Bangalore,3951478
Toyota,Fortuner 2.8 4x4 AT,Chennai,3802192
Toyota,Fortuner 2.8 4x4 AT,Hyderabad,3768337
Toyota,Fortuner 2.8 4x4 AT,Kolkata,3549440
Toyota,Fortuner 2.8 4x4 AT,Mumbai,3716858
Toyota,Fortuner 2.8 4x4 AT,Delhi,3716399
Volkswagen,Ameo Trendline 1.2L (P),Bangalore,652229
Volkswagen,Ameo Trendline 1.2L (P),Chennai,624455
Volkswagen,Ameo Trendline 1.2L (P),Hyderabad,630134
Volkswagen,Ameo Trendline 1.2L (P),Kolkata,606546
Volkswagen,Ameo Trendline 1.2L (P),Mumbai,623068
Volkswagen,Ameo Trendline 1.2L (P),Delhi,578786
Volkswagen,Ameo Comfortline 1.2L (P),Bangalore,743952
Volkswagen,Ameo Comfortline 1.2L (P),Chennai,711911
Volkswagen,Ameo Comfortline 1.2L (P),Hyderabad,719130
Volkswagen,Ameo Comfortline 1.2L (P),Kolkata,691353
Volkswagen,Ameo Comfortline 1.2L (P),Mumbai,711350
Volkswagen,Ameo Comfortline 1.2L (P),Delhi,652999
Volkswagen,Ameo Trendline 1.5L (D),Bangalore,777850
Volkswagen,Ameo Trendline 1.5L (D),Hyderabad,758720
Volkswagen,Ameo Trendline 1.5L (D),Kolkata,722142
Volkswagen,Ameo Trendline 1.5L (D),Mumbai,764173
Volkswagen,Ameo Trendline 1.5L (D),Delhi,721852
Volkswagen,Ameo Highline1.2L (P),Chennai,834396
Volkswagen,Ameo Highline1.2L (P),Kolkata,810126
Volkswagen,Ameo Highline1.2L (P),Mumbai,835063
Volkswagen,Ameo Highline1.5L AT (D),Bangalore,1139524
Volkswagen,Ameo Highline1.5L AT (D),Hyderabad,1109643
Volkswagen,Ameo Highline1.5L AT (D),Kolkata,1056545
Volkswagen,Ameo Highline1.5L AT (D),Mumbai,1118786
Volkswagen,Polo Trendline 1.2L (P),Bangalore,661697
Volkswagen,Polo Trendline 1.2L (P),Hyderabad,651259
Volkswagen,Polo Trendline 1.2L (P),Kolkata,615149
Volkswagen,Polo Trendline 1.2L (P),Mumbai,639653
Volkswagen,Polo Comfortline 1.2L (P),Bangalore,736990
Volkswagen,Polo Comfortline 1.2L (P),Chennai,711853
Volkswagen,Polo Comfortline 1.2L (P),Hyderabad,724793
Volkswagen,Polo Comfortline 1.2L (P),Kolkata,684397
Volkswagen,Polo Comfortline 1.2L (P),Mumbai,712356
Volkswagen,Polo Comfortline 1.2L (P),Delhi,652945
Volkswagen,Polo Trendline 1.5L (D),Chennai,806881
Volkswagen,Polo Trendline 1.5L (D),Kolkata,776617
Volkswagen,Polo Trendline 1.5L (D),Mumbai,822503
Volkswagen,Polo Trendline 1.5L (D),Delhi,782543
Volkswagen,Polo Highline1.2L (P),Hyderabad,834659
Volkswagen,Polo Highline1.2L (P),Kolkata,789551
Volkswagen,Polo Highline1.2L (P),Mumbai,822041
Volkswagen,Polo Highline1.2L (P),Delhi,783298
Volkswagen,Polo Comfortline 1.5L (D),Bangalore,949290
Volkswagen,Polo Comfortline 1.5L (D),Chennai,914279
Volkswagen,Polo Comfortline 1.5L (D),Kolkata,880689
Volkswagen,Polo Comfortline 1.5L (D),Mumbai,933044
Volkswagen,Polo Highline1.5L (D),Bangalore,1030403
Volkswagen,Polo Highline1.5L (D),Chennai,991621
Volkswagen,Polo Highline1.5L (D),Kolkata,955686
Volkswagen,Polo Highline1.5L (D),Mumbai,1012582
Volkswagen,Polo Highline1.5L (D),Delhi,962057
Volkswagen,Polo GT TSI,Hyderabad,1077145
Volkswagen,Polo GT TSI,Mumbai,1062627
Volkswagen,Polo GT TDI,Hyderabad,1090287
Volkswagen,Polo GT TDI,Kolkata,1029245
Volkswagen,Polo GT TDI,Mumbai,1091998
Volkswagen,Vento Trendline Petrol,Bangalore,1002856
Volkswagen,Vento Trendline Petrol,Chennai,959052
Volkswagen,Vento Trendline Petrol,Hyderabad,976897
Volkswagen,Vento Trendline Petrol,Kolkata,924027
Volkswagen,Vento Trendline Petrol,Mumbai,961801
Volkswagen,Vento Comfortline Petrol,Chennai,1071473
Volkswagen,Vento Comfortline Petrol,Kolkata,1033033
Volkswagen,Vento Comfortline Petrol,Mumbai,1075453
Volkswagen,Vento Comfortline Petrol,Delhi,1023825
Volkswagen,Vento Trendline Diesel,Chennai,1102832
Volkswagen,Vento Trendline Diesel,Kolkata,1063529
Volkswagen,Vento Trendline Diesel,Mumbai,1127706
Volkswagen,Vento Highline Petrol,Hyderabad,1231246
Volkswagen,Vento Highline Petrol,Mumbai,1203504
Volkswagen,Vento Comfortline Diesel,Hyderabad,1268452
Volkswagen,Vento Comfortline Diesel,Mumbai,1258861
Volkswagen,Vento Highline Diesel,Bangalore,1433516
Volkswagen,Vento Highline Diesel,Chennai,1390886
Volkswagen,Vento Highline Diesel,Hyderabad,1386344
Volkswagen,Vento Highline Diesel,Kolkata,1233687
Volkswagen,Vento Highline Diesel,Mumbai,1376748
Volkswagen,Vento Highline Diesel,Delhi,1337053
Volkswagen,Jetta Trendline TSI,Bangalore,1871394
Volkswagen,Jetta Trendline TSI,Chennai,1814049
Volkswagen,Jetta Trendline TSI,Hyderabad,1805448
Volkswagen,Jetta Trendline TSI,Kolkata,1674758
Volkswagen,Jetta Trendline TSI,Mumbai,1751652
Volkswagen,Jetta Trendline TSI,Delhi,1700780
Volkswagen,Jetta Comfortline TSI,Bangalore,2067180
Volkswagen,Jetta Comfortline TSI,Chennai,2003433
Volkswagen,Jetta Comfortline TSI,Hyderabad,1994527
Volkswagen,Jetta Comfortline TSI,Kolkata,1850780
Volkswagen,Jetta Comfortline TSI,Mumbai,1936892
Volkswagen,Jetta Comfortline TSI,Delhi,1879076
Volkswagen,Jetta Trendline TDI,Bangalore,2018989
Volkswagen,Jetta Trendline TDI,Chennai,1964103
Volkswagen,Jetta Trendline TDI,Hyderabad,1947992
Volkswagen,Jetta Trendline TDI,Kolkata,1814479
Volkswagen,Jetta Trendline TDI,Mumbai,1931580
Volkswagen,Jetta Trendline TDI,Delhi,1882317
Volkswagen,Jetta Comfortline TDI,Bangalore,2263469
Volkswagen,Jetta Comfortline TDI,Chennai,2200930
Volkswagen,Jetta Comfortline TDI,Hyderabad,2184095
Volkswagen,Jetta Comfortline TDI,Kolkata,2034590
Volkswagen,Jetta Comfortline TDI,Mumbai,2167218
Volkswagen,Jetta Comfortline TDI,Delhi,2110150
Volkswagen,Jetta Highline TDI,Bangalore,2530002
Volkswagen,Jetta Highline TDI,Chennai,2437511
Volkswagen,Jetta Highline TDI,Hyderabad,2419962
Volkswagen,Jetta Highline TDI,Kolkata,2254475
Volkswagen,Jetta Highline TDI,Mumbai,2423122
Volkswagen,Jetta Highline TDI,Delhi,2337747
Volvo,V40 D3 Kinetic,Bangalore,3765597
Volvo,V40 D3 Kinetic,Chennai,3263338
Volvo,V40 D3 Kinetic,Kolkata,3009104
Volvo,V40 D3 Kinetic,Mumbai,3934382
Volvo,V40 D3 Kinetic,Delhi,3176237
Volvo,V40 D3 R-Design,Bangalore,4100843
Volvo,V40 D3 R-Design,Chennai,3629818
Volvo,V40 D3 R-Design,Kolkata,3408457
Volvo,V40 D3 R-Design,Mumbai,4061826
Volvo,V40 D3 R-Design,Delhi,3538515
Volvo,S60 Kinetic,Bangalore,4455842
Volvo,S60 Kinetic,Chennai,4152269
Volvo,S60 Kinetic,Kolkata,3730796
Volvo,S60 Kinetic,Mumbai,4896499
Volvo,S60 Kinetic,Delhi,4176738
Volvo,S60 T6,Bangalore,6096189
Volvo,S60 T6,Chennai,5565318
Volvo,S60 T6,Kolkata,5132165
Volvo,S60 T6,Mumbai,5815958
Volvo,S60 T6,Delhi,5235027
Volvo,S80 Inscription,Bangalore,6635595
Volvo,S80 Inscription,Chennai,6220210
Volvo,S80 Inscription,Mumbai,6436320
Volvo,S80 Inscription,Delhi,5821703
Volvo,S90 Inscription Luxury,Mumbai,6999825
Volvo,S90 Inscription Luxury,Delhi,6302427